label,f0,f1,f2,f3,f4,f5,f6,f7,f8,f9,f10,f11,f12,f13,f14,f15,f16,f17,f18,f19,f20,f21,f22,f23,f24,f25,f26,f27,f28,f29,f30,f31,f32,f33,f34,f35,f36,f37,f38,f39,f40,f41,f42,f43,f44,f45,f46,f47,f48,f49,f50,f51,f52,f53,f54,f55,f56,f57,f58,f59,f60,f61,f62
sign_1,0.000000,0.000000,0.000000,0.257918,-0.180329,0.006591,0.377496,-0.424951,-0.033920,0.478209,-0.609546,-0.096642,0.548703,-0.798521,-0.154857,0.186599,-0.998261,-0.009100,0.280640,-1.335844,-0.077076,0.337085,-1.581043,-0.122925,0.374415,-1.797154,-0.159364,0.136129,-0.988226,-0.069851,0.475780,-0.985343,-0.192276,0.463482,-0.710142,-0.222290,0.369178,-0.611908,-0.215343,0.130526,-0.888015,-0.132497,0.455812,-0.786421,-0.232764,0.413477,-0.535493,-0.205334,0.318990,-0.479122,-0.165157,0.158812,-0.737883,-0.197894,0.400954,-0.629348,-0.248035,0.370303,-0.440677,-0.216801,0.297023,-0.393147,-0.182633
sign_1,0.000000,0.000000,0.000000,0.255974,-0.178218,0.003219,0.375742,-0.427638,-0.037614,0.478734,-0.615748,-0.100021,0.549915,-0.808073,-0.157672,0.184138,-0.994345,-0.008011,0.278450,-1.330889,-0.076433,0.335236,-1.575685,-0.123248,0.371893,-1.791959,-0.160423,0.135838,-0.988475,-0.066825,0.471410,-0.988776,-0.191470,0.463750,-0.711970,-0.224125,0.373404,-0.608036,-0.217923,0.131877,-0.891127,-0.127871,0.454564,-0.798837,-0.230481,0.417326,-0.544361,-0.205094,0.326734,-0.480525,-0.164780,0.161706,-0.743409,-0.191870,0.403506,-0.632002,-0.244261,0.374684,-0.445740,-0.215513,0.302882,-0.397256,-0.182195
sign_1,0.000000,0.000000,0.000000,0.256278,-0.182331,0.002999,0.374441,-0.426588,-0.039276,0.473945,-0.609645,-0.103098,0.543561,-0.799887,-0.161187,0.177164,-0.994675,-0.010948,0.272168,-1.329096,-0.079113,0.331698,-1.573988,-0.124505,0.370534,-1.786406,-0.160653,0.129284,-0.989145,-0.069845,0.463510,-0.985216,-0.193055,0.455563,-0.707840,-0.222990,0.364789,-0.604547,-0.216122,0.126361,-0.895289,-0.130917,0.447124,-0.802356,-0.232330,0.408850,-0.549418,-0.203546,0.315588,-0.485081,-0.161969,0.156114,-0.748896,-0.195265,0.399883,-0.645779,-0.246968,0.374576,-0.460776,-0.216282,0.302701,-0.411083,-0.181928
sign_1,0.000000,0.000000,0.000000,0.256185,-0.175031,0.004957,0.372967,-0.421883,-0.035490,0.472545,-0.602710,-0.097501,0.551258,-0.791289,-0.154516,0.184754,-0.991905,-0.011018,0.274906,-1.327759,-0.079330,0.331174,-1.571491,-0.124794,0.367606,-1.787981,-0.161338,0.132506,-0.988669,-0.070545,0.466427,-0.992796,-0.192220,0.458237,-0.720764,-0.222320,0.367877,-0.624528,-0.216071,0.125407,-0.893558,-0.131908,0.445772,-0.798332,-0.231316,0.409380,-0.551344,-0.203021,0.317856,-0.497173,-0.162922,0.151571,-0.746481,-0.196250,0.393642,-0.634130,-0.246166,0.365489,-0.451821,-0.215335,0.291313,-0.412251,-0.181916
sign_1,0.000000,0.000000,0.000000,0.257867,-0.184123,0.029763,0.375312,-0.424201,-0.005630,0.477637,-0.600167,-0.069356,0.547526,-0.786405,-0.130506,0.183612,-0.999514,0.009188,0.274756,-1.331008,-0.055318,0.333040,-1.577097,-0.100690,0.372227,-1.792264,-0.138120,0.130935,-0.989206,-0.065779,0.467393,-0.992524,-0.184329,0.457851,-0.709631,-0.213641,0.364832,-0.603735,-0.207507,0.123453,-0.889313,-0.140743,0.443549,-0.801576,-0.235553,0.405295,-0.542577,-0.203386,0.310228,-0.477813,-0.162466,0.149450,-0.742639,-0.217094,0.391707,-0.640552,-0.263902,0.365608,-0.452704,-0.229049,0.292537,-0.403961,-0.193637
sign_1,0.000000,0.000000,0.000000,0.264843,-0.185409,0.014906,0.382934,-0.431660,-0.023669,0.482205,-0.610493,-0.086814,0.545688,-0.801309,-0.146457,0.183590,-1.004191,-0.003676,0.278081,-1.338833,-0.070567,0.334691,-1.581304,-0.116956,0.371471,-1.795239,-0.154796,0.129326,-0.989020,-0.071514,0.473057,-1.000592,-0.194532,0.463785,-0.721770,-0.226460,0.370614,-0.620398,-0.221082,0.121864,-0.881807,-0.140449,0.449321,-0.792145,-0.240912,0.410316,-0.537174,-0.212736,0.314629,-0.478814,-0.172887,0.148172,-0.725330,-0.211608,0.393215,-0.624804,-0.263963,0.366678,-0.433408,-0.232003,0.293471,-0.381659,-0.197630
sign_1,0.000000,0.000000,0.000000,0.255484,-0.172077,0.008977,0.373916,-0.425521,-0.032072,0.474851,-0.609265,-0.095996,0.547789,-0.797713,-0.156076,0.181924,-0.994922,-0.012617,0.272729,-1.336265,-0.081458,0.331941,-1.579394,-0.126607,0.368868,-1.792643,-0.162673,0.127014,-0.988977,-0.076102,0.469880,-1.003627,-0.200352,0.458312,-0.719434,-0.230010,0.359187,-0.625732,-0.222287,0.117971,-0.893088,-0.140824,0.443395,-0.809564,-0.245176,0.405878,-0.547897,-0.216697,0.307883,-0.492646,-0.175265,0.143257,-0.745219,-0.207532,0.391019,-0.647577,-0.262482,0.369097,-0.450640,-0.229976,0.296264,-0.399877,-0.194207
sign_1,0.000000,0.000000,0.000000,0.254868,-0.180808,0.007083,0.375443,-0.431090,-0.037384,0.478061,-0.616291,-0.103864,0.554902,-0.801429,-0.165855,0.180619,-0.998848,-0.017548,0.274505,-1.344689,-0.087332,0.335371,-1.586912,-0.133758,0.374084,-1.799488,-0.171066,0.131474,-0.988048,-0.080469,0.469198,-1.007602,-0.204420,0.461481,-0.728584,-0.234299,0.367772,-0.634150,-0.228133,0.126314,-0.886778,-0.144350,0.449311,-0.817957,-0.246135,0.412652,-0.562546,-0.215216,0.317795,-0.507410,-0.173497,0.155010,-0.734151,-0.210585,0.398502,-0.648113,-0.262866,0.376146,-0.464355,-0.229248,0.305077,-0.421611,-0.193466
sign_1,0.000000,0.000000,0.000000,0.256741,-0.184521,0.010253,0.376731,-0.438231,-0.030158,0.478003,-0.621252,-0.092699,0.555805,-0.803795,-0.150830,0.185435,-1.001066,-0.012348,0.279304,-1.344602,-0.077451,0.339230,-1.586265,-0.121257,0.376433,-1.795058,-0.156686,0.135105,-0.988011,-0.074706,0.468985,-0.998295,-0.193367,0.462763,-0.721468,-0.222228,0.371827,-0.618347,-0.216116,0.129466,-0.883023,-0.137638,0.451795,-0.810367,-0.234653,0.417585,-0.558382,-0.203513,0.327032,-0.492492,-0.161938,0.157443,-0.728716,-0.202764,0.403318,-0.649792,-0.250889,0.385928,-0.468243,-0.216120,0.321342,-0.416056,-0.179695
sign_1,0.000000,0.000000,0.000000,0.260123,-0.188379,0.008667,0.380247,-0.436835,-0.031053,0.479356,-0.617798,-0.093070,0.556190,-0.804665,-0.150454,0.187239,-0.996551,-0.008179,0.283667,-1.333452,-0.074431,0.343273,-1.573717,-0.118070,0.383102,-1.783608,-0.153051,0.138742,-0.987865,-0.069809,0.471811,-0.996223,-0.190793,0.463014,-0.719725,-0.220049,0.373849,-0.612549,-0.212753,0.133971,-0.888691,-0.132929,0.454792,-0.800517,-0.232432,0.416219,-0.548420,-0.204098,0.326249,-0.481267,-0.163136,0.162133,-0.738381,-0.198476,0.403596,-0.638824,-0.248396,0.378274,-0.453366,-0.216935,0.309946,-0.401396,-0.182343
sign_1,0.000000,0.000000,0.000000,0.259931,-0.181356,0.007637,0.379720,-0.427105,-0.033240,0.479121,-0.603569,-0.095609,0.548684,-0.792836,-0.153174,0.180385,-0.994890,-0.014555,0.279751,-1.341906,-0.081498,0.338386,-1.582498,-0.124671,0.378186,-1.793167,-0.159600,0.132130,-0.988306,-0.076109,0.468660,-0.990834,-0.195189,0.458918,-0.723233,-0.224031,0.370579,-0.631824,-0.218130,0.128193,-0.888786,-0.138786,0.449788,-0.778219,-0.233836,0.405585,-0.535126,-0.206445,0.312316,-0.489822,-0.169617,0.158278,-0.738253,-0.204304,0.393199,-0.604775,-0.252423,0.359233,-0.420467,-0.223189,0.284232,-0.384309,-0.192014
sign_1,0.000000,0.000000,0.000000,0.256781,-0.179892,0.004564,0.376845,-0.430916,-0.036473,0.476273,-0.611915,-0.098336,0.547147,-0.804044,-0.155407,0.179074,-1.000183,-0.015908,0.274486,-1.338249,-0.085299,0.333124,-1.579796,-0.131879,0.372074,-1.791285,-0.168416,0.129615,-0.988697,-0.075355,0.470320,-0.990221,-0.197495,0.460320,-0.719679,-0.228256,0.368120,-0.627599,-0.222341,0.125064,-0.887317,-0.136307,0.448355,-0.793239,-0.235886,0.408804,-0.547205,-0.208548,0.315701,-0.498159,-0.169102,0.153424,-0.736788,-0.199888,0.394638,-0.631088,-0.249198,0.365551,-0.446489,-0.217028,0.290954,-0.406798,-0.182556
sign_1,0.000000,0.000000,0.000000,0.253675,-0.169484,0.002425,0.372007,-0.423264,-0.039191,0.474799,-0.606184,-0.100710,0.548789,-0.792232,-0.157505,0.180294,-1.000667,-0.023015,0.276967,-1.347038,-0.090972,0.337030,-1.589221,-0.136954,0.377062,-1.797509,-0.173742,0.128850,-0.988358,-0.080902,0.466547,-0.982673,-0.200776,0.457918,-0.709715,-0.229421,0.367401,-0.614206,-0.223974,0.122825,-0.882835,-0.139949,0.445267,-0.795938,-0.237802,0.405723,-0.551399,-0.208575,0.312228,-0.501425,-0.169828,0.151488,-0.729661,-0.201779,0.392509,-0.634050,-0.251949,0.363916,-0.452092,-0.219767,0.289873,-0.412047,-0.185952
sign_1,0.000000,0.000000,0.000000,0.260601,-0.182404,0.003120,0.379729,-0.432911,-0.038700,0.480410,-0.617932,-0.102188,0.549384,-0.807308,-0.160555,0.178310,-0.999923,-0.009639,0.270998,-1.336350,-0.079469,0.332348,-1.582104,-0.127257,0.372030,-1.790890,-0.164815,0.129831,-0.989134,-0.068980,0.468125,-0.986823,-0.192587,0.462792,-0.711656,-0.223931,0.372484,-0.613508,-0.218524,0.125588,-0.890789,-0.130794,0.450925,-0.802552,-0.233408,0.412266,-0.550497,-0.205426,0.317700,-0.491521,-0.164912,0.153490,-0.739447,-0.195749,0.398805,-0.640232,-0.248689,0.369354,-0.453155,-0.217679,0.292064,-0.406357,-0.183695
sign_1,0.000000,0.000000,0.000000,0.258886,-0.189524,0.006964,0.379293,-0.438977,-0.032923,0.480730,-0.621030,-0.094993,0.544145,-0.814829,-0.152278,0.177399,-0.994687,-0.006256,0.274939,-1.335106,-0.072994,0.339272,-1.580251,-0.119581,0.379155,-1.790421,-0.157008,0.131306,-0.989081,-0.066911,0.462899,-0.987148,-0.186456,0.460559,-0.713448,-0.218926,0.372624,-0.611940,-0.215642,0.129784,-0.891485,-0.129294,0.448113,-0.796934,-0.226463,0.410422,-0.545329,-0.199943,0.317341,-0.481593,-0.162332,0.160568,-0.743114,-0.194718,0.401132,-0.629406,-0.245028,0.373669,-0.445964,-0.216053,0.299566,-0.397858,-0.184221
sign_1,0.000000,0.000000,0.000000,0.262322,-0.184424,0.004754,0.380643,-0.431454,-0.036417,0.480610,-0.612969,-0.099429,0.545831,-0.802396,-0.157263,0.180076,-0.993473,-0.008395,0.275158,-1.333497,-0.076217,0.338160,-1.579402,-0.122897,0.378001,-1.788930,-0.160249,0.130674,-0.989072,-0.068275,0.468428,-0.983196,-0.189405,0.463454,-0.709883,-0.221288,0.372325,-0.613629,-0.216836,0.125738,-0.892883,-0.130069,0.449675,-0.797021,-0.228547,0.412316,-0.546364,-0.200744,0.317794,-0.489304,-0.161680,0.152297,-0.743526,-0.195089,0.394713,-0.627025,-0.245564,0.366836,-0.442227,-0.215000,0.291266,-0.398016,-0.181653
sign_1,0.000000,0.000000,0.000000,0.260982,-0.177783,0.009561,0.380443,-0.428775,-0.030386,0.482034,-0.610498,-0.093297,0.551126,-0.792263,-0.151815,0.183337,-0.999172,-0.009323,0.280115,-1.340806,-0.076194,0.344500,-1.585462,-0.121705,0.385805,-1.793044,-0.158528,0.133556,-0.988414,-0.072109,0.472537,-0.978644,-0.192599,0.464147,-0.705242,-0.223113,0.369957,-0.614590,-0.218775,0.128814,-0.888518,-0.136247,0.454819,-0.793548,-0.235109,0.416002,-0.544118,-0.206929,0.320508,-0.492062,-0.168436,0.156254,-0.738193,-0.202926,0.402739,-0.635411,-0.253150,0.377052,-0.449897,-0.221457,0.303655,-0.405157,-0.187893
sign_1,0.000000,0.000000,0.000000,0.259095,-0.174005,0.000103,0.378412,-0.427359,-0.040045,0.478481,-0.609590,-0.099919,0.549948,-0.792980,-0.154591,0.182026,-0.996091,-0.016480,0.280433,-1.332262,-0.085007,0.341502,-1.577995,-0.131839,0.379588,-1.792031,-0.169714,0.131807,-0.988582,-0.073031,0.468921,-0.988211,-0.196610,0.462104,-0.720075,-0.230478,0.369584,-0.624602,-0.227206,0.127650,-0.886934,-0.131255,0.449884,-0.795209,-0.232715,0.414220,-0.550739,-0.208220,0.321819,-0.497448,-0.170849,0.155807,-0.733582,-0.192539,0.399689,-0.618459,-0.245605,0.369853,-0.435820,-0.217794,0.293507,-0.393756,-0.186274
sign_1,0.000000,0.000000,0.000000,0.263025,-0.174331,0.001620,0.381097,-0.426347,-0.038323,0.481207,-0.606000,-0.098666,0.552951,-0.792013,-0.153658,0.185022,-0.993263,-0.012729,0.283121,-1.327037,-0.081655,0.342528,-1.569311,-0.128463,0.381945,-1.781574,-0.166337,0.137295,-0.988008,-0.070642,0.477935,-0.977131,-0.194657,0.464098,-0.707492,-0.227546,0.370172,-0.618188,-0.223354,0.133951,-0.889531,-0.130676,0.455874,-0.779664,-0.231854,0.412425,-0.535575,-0.206970,0.317727,-0.489740,-0.169558,0.162689,-0.740107,-0.193896,0.401245,-0.613467,-0.246455,0.367624,-0.430902,-0.218955,0.290866,-0.395840,-0.187923
sign_1,0.000000,0.000000,0.000000,0.258981,-0.178446,0.006677,0.375416,-0.431650,-0.031089,0.475255,-0.612318,-0.090216,0.547291,-0.795255,-0.144251,0.183395,-0.989869,-0.006271,0.277991,-1.322197,-0.072393,0.338802,-1.564278,-0.117122,0.380236,-1.773000,-0.153230,0.137015,-0.988405,-0.065446,0.474616,-0.980891,-0.185010,0.462474,-0.709518,-0.214671,0.368554,-0.612224,-0.208388,0.133849,-0.893878,-0.126493,0.452717,-0.793497,-0.223463,0.411150,-0.545052,-0.196399,0.317646,-0.488267,-0.157840,0.163231,-0.746792,-0.190484,0.400815,-0.624919,-0.239512,0.369022,-0.439905,-0.210474,0.293994,-0.397759,-0.178558
sign_1,0.000000,0.000000,0.000000,0.257434,-0.178501,0.003530,0.375527,-0.429474,-0.036466,0.475028,-0.611887,-0.097316,0.547729,-0.798666,-0.152738,0.179932,-0.993619,-0.012210,0.275942,-1.328845,-0.079643,0.336683,-1.571331,-0.125020,0.378440,-1.780796,-0.161229,0.132454,-0.988665,-0.070687,0.470857,-0.983007,-0.192736,0.457509,-0.715661,-0.223588,0.362424,-0.619052,-0.217520,0.130133,-0.891787,-0.130877,0.448904,-0.796142,-0.229180,0.408266,-0.549750,-0.201662,0.315613,-0.492851,-0.162324,0.161002,-0.743376,-0.194330,0.399032,-0.628260,-0.244234,0.367940,-0.443007,-0.214385,0.293825,-0.398688,-0.181424
sign_1,0.000000,0.000000,0.000000,0.265222,-0.177815,0.009843,0.382179,-0.429914,-0.026406,0.480607,-0.612553,-0.084834,0.554106,-0.796365,-0.138523,0.183523,-0.994504,-0.005509,0.285227,-1.326888,-0.071268,0.346015,-1.570551,-0.116602,0.387112,-1.784629,-0.153496,0.138426,-0.988124,-0.066703,0.481099,-0.987089,-0.186795,0.468949,-0.718956,-0.217956,0.375227,-0.618935,-0.212701,0.138861,-0.889479,-0.129207,0.460970,-0.790566,-0.225277,0.420025,-0.545514,-0.198757,0.327034,-0.486794,-0.160753,0.172566,-0.741903,-0.194449,0.410711,-0.622446,-0.241962,0.379181,-0.438857,-0.212538,0.305803,-0.393546,-0.180808
sign_1,0.000000,0.000000,0.000000,0.261995,-0.183119,0.008675,0.377377,-0.432303,-0.031142,0.476488,-0.612877,-0.093339,0.553235,-0.799060,-0.150842,0.184972,-0.995030,-0.009028,0.281471,-1.329283,-0.076987,0.342107,-1.574033,-0.124155,0.381393,-1.787883,-0.162193,0.135388,-0.988232,-0.071186,0.474171,-0.991524,-0.192286,0.466284,-0.718870,-0.223614,0.374795,-0.616646,-0.218690,0.130047,-0.886835,-0.134690,0.453310,-0.807447,-0.233530,0.418083,-0.558856,-0.204052,0.326879,-0.495328,-0.163160,0.158128,-0.734230,-0.200893,0.402639,-0.638022,-0.251021,0.381865,-0.461175,-0.218709,0.314490,-0.415361,-0.183994
sign_1,0.000000,0.000000,0.000000,0.257378,-0.178310,0.005198,0.374177,-0.428515,-0.035550,0.477111,-0.612122,-0.098070,0.549802,-0.794871,-0.155787,0.178399,-0.996838,-0.012508,0.275657,-1.338128,-0.079447,0.338643,-1.581192,-0.124223,0.379687,-1.791424,-0.160164,0.130034,-0.988822,-0.072959,0.470460,-0.989415,-0.194486,0.460446,-0.717191,-0.225125,0.365148,-0.622916,-0.219340,0.125795,-0.890759,-0.134889,0.449850,-0.799718,-0.234609,0.411052,-0.550681,-0.207700,0.316509,-0.497785,-0.168594,0.153901,-0.742137,-0.199606,0.397850,-0.638740,-0.250342,0.373947,-0.455180,-0.219525,0.303633,-0.411083,-0.185691
sign_1,0.000000,0.000000,0.000000,0.257392,-0.174158,0.007030,0.373644,-0.424130,-0.034008,0.474240,-0.605362,-0.096466,0.550724,-0.792887,-0.153766,0.179959,-0.992773,-0.015230,0.278589,-1.330896,-0.080987,0.340334,-1.569211,-0.124744,0.380625,-1.776921,-0.160965,0.132545,-0.988208,-0.076665,0.470410,-0.989442,-0.194223,0.461489,-0.722245,-0.223538,0.367734,-0.637368,-0.219217,0.129051,-0.889561,-0.139099,0.451888,-0.800279,-0.234680,0.414394,-0.555441,-0.206095,0.319213,-0.512498,-0.168913,0.158533,-0.737931,-0.204164,0.401248,-0.629042,-0.253847,0.375184,-0.446601,-0.222900,0.301257,-0.409809,-0.190628
sign_1,0.000000,0.000000,0.000000,0.255000,-0.169448,0.005059,0.373273,-0.424328,-0.035632,0.474991,-0.609784,-0.096798,0.548750,-0.795347,-0.153569,0.182460,-0.995395,-0.018481,0.280452,-1.339424,-0.083259,0.342698,-1.581563,-0.126453,0.382603,-1.790772,-0.162165,0.132547,-0.988139,-0.077541,0.469490,-0.986433,-0.193516,0.461164,-0.718305,-0.222072,0.368770,-0.634186,-0.217868,0.128344,-0.886923,-0.137454,0.452583,-0.800018,-0.231685,0.414056,-0.558216,-0.204051,0.319426,-0.517121,-0.168131,0.158170,-0.736225,-0.200016,0.398243,-0.632358,-0.248846,0.371157,-0.450738,-0.218948,0.298436,-0.413957,-0.187788
sign_1,0.000000,0.000000,0.000000,0.259916,-0.175024,0.007717,0.376903,-0.429549,-0.031087,0.476448,-0.613674,-0.091192,0.548860,-0.798572,-0.146359,0.179874,-0.989608,-0.011197,0.279584,-1.334299,-0.076366,0.342538,-1.575507,-0.118912,0.384088,-1.784835,-0.153806,0.131356,-0.988782,-0.071108,0.472204,-0.990303,-0.188644,0.462587,-0.720074,-0.216793,0.369676,-0.632129,-0.210737,0.128482,-0.895272,-0.132381,0.453237,-0.800165,-0.227190,0.413674,-0.557215,-0.200460,0.319260,-0.514365,-0.163976,0.159981,-0.751219,-0.196245,0.400838,-0.628927,-0.243821,0.371157,-0.448179,-0.215057,0.296396,-0.415216,-0.184488
sign_1,0.000000,0.000000,0.000000,0.261626,-0.174997,0.010647,0.380257,-0.432225,-0.025521,0.477568,-0.614273,-0.083688,0.548656,-0.801433,-0.137182,0.185963,-0.992929,-0.007301,0.283429,-1.330793,-0.072639,0.345949,-1.569773,-0.115973,0.389141,-1.776179,-0.151213,0.137467,-0.988097,-0.069044,0.476658,-0.989206,-0.187638,0.467689,-0.713804,-0.216481,0.377310,-0.617827,-0.210402,0.133044,-0.891695,-0.132090,0.456412,-0.800668,-0.229591,0.416552,-0.547863,-0.201818,0.323289,-0.494988,-0.163324,0.161953,-0.744112,-0.197325,0.401582,-0.634865,-0.247090,0.371445,-0.447536,-0.216709,0.296859,-0.407070,-0.184190
sign_1,0.000000,0.000000,0.000000,0.255789,-0.177099,0.008981,0.374370,-0.429424,-0.029698,0.473409,-0.612158,-0.090060,0.544002,-0.795765,-0.145623,0.180629,-0.993701,-0.011523,0.280898,-1.323853,-0.075169,0.344018,-1.561208,-0.117883,0.385956,-1.767004,-0.152976,0.132429,-0.988527,-0.072637,0.469006,-0.985997,-0.188743,0.459422,-0.718929,-0.217445,0.366905,-0.624664,-0.212339,0.128303,-0.889902,-0.134589,0.448628,-0.803078,-0.228940,0.412389,-0.559241,-0.200802,0.320888,-0.503510,-0.162906,0.157517,-0.739245,-0.199039,0.399447,-0.641438,-0.246764,0.375871,-0.462530,-0.215912,0.306460,-0.417578,-0.183272
sign_1,0.000000,0.000000,0.000000,0.254206,-0.176078,0.007603,0.374665,-0.426792,-0.034437,0.476942,-0.609582,-0.097734,0.548384,-0.803673,-0.155759,0.176161,-0.998130,-0.016778,0.280441,-1.341193,-0.084114,0.347686,-1.578199,-0.127602,0.394513,-1.780608,-0.162253,0.130251,-0.988400,-0.078103,0.469485,-0.996288,-0.195569,0.459813,-0.732935,-0.222608,0.369310,-0.643979,-0.216638,0.127537,-0.887960,-0.140620,0.450274,-0.806653,-0.234219,0.411385,-0.566071,-0.203654,0.320737,-0.519067,-0.165574,0.158947,-0.734365,-0.205837,0.397488,-0.634065,-0.251938,0.365820,-0.453840,-0.219655,0.290429,-0.416861,-0.187045
sign_1,0.000000,0.000000,0.000000,0.253183,-0.176082,0.010354,0.374012,-0.428700,-0.028975,0.478377,-0.613161,-0.090443,0.551805,-0.806422,-0.146921,0.175042,-0.999794,-0.007229,0.278255,-1.331253,-0.074152,0.349612,-1.566731,-0.118354,0.401005,-1.766395,-0.153353,0.131673,-0.988857,-0.069452,0.470282,-1.005659,-0.188399,0.462453,-0.737947,-0.217459,0.370913,-0.642702,-0.211538,0.131563,-0.890045,-0.133198,0.454757,-0.822782,-0.229963,0.418577,-0.576938,-0.201148,0.327360,-0.525632,-0.162387,0.163327,-0.738357,-0.199083,0.404956,-0.647989,-0.246449,0.373606,-0.463233,-0.214066,0.296214,-0.423409,-0.180758
sign_1,0.000000,0.000000,0.000000,0.255888,-0.180892,0.017741,0.376380,-0.432193,-0.020829,0.479005,-0.614514,-0.083249,0.556544,-0.800259,-0.141049,0.176643,-0.996778,0.000213,0.273688,-1.326651,-0.066351,0.349968,-1.551301,-0.109314,0.410039,-1.735160,-0.142873,0.133840,-0.988806,-0.065957,0.471440,-0.997294,-0.183188,0.463670,-0.722990,-0.209709,0.375828,-0.623270,-0.201807,0.132332,-0.891951,-0.133690,0.451400,-0.799857,-0.227723,0.410177,-0.550761,-0.197559,0.318449,-0.496248,-0.158409,0.161871,-0.741113,-0.203268,0.397814,-0.626427,-0.248963,0.366025,-0.439587,-0.216983,0.290860,-0.399977,-0.184120
sign_1,0.000000,0.000000,0.000000,0.260748,-0.186667,0.022773,0.382187,-0.440401,-0.014330,0.484710,-0.626904,-0.076279,0.553795,-0.816013,-0.134551,0.182282,-1.003215,0.002485,0.279732,-1.330355,-0.063417,0.362164,-1.552609,-0.108529,0.428776,-1.732792,-0.143600,0.138342,-0.988121,-0.066922,0.475047,-0.996050,-0.184053,0.467388,-0.723503,-0.212859,0.379853,-0.619672,-0.206977,0.135001,-0.882803,-0.137082,0.456033,-0.810681,-0.230530,0.419832,-0.568235,-0.199627,0.332000,-0.508007,-0.159830,0.162564,-0.727956,-0.208546,0.402053,-0.647497,-0.253248,0.378845,-0.468257,-0.218184,0.312017,-0.421928,-0.182768
sign_1,0.000000,0.000000,0.000000,0.254608,-0.183058,0.014786,0.375822,-0.448025,-0.026174,0.477870,-0.638309,-0.089635,0.547842,-0.825390,-0.148983,0.178033,-1.013394,-0.012021,0.275411,-1.348333,-0.080390,0.363718,-1.570029,-0.125533,0.435089,-1.741194,-0.159293,0.128289,-0.988719,-0.077309,0.467177,-1.006169,-0.193594,0.462058,-0.736005,-0.220412,0.373773,-0.636157,-0.213701,0.121416,-0.878136,-0.143444,0.445500,-0.820914,-0.238184,0.414301,-0.575065,-0.205727,0.326970,-0.513617,-0.164876,0.145971,-0.717222,-0.211159,0.387991,-0.652998,-0.258922,0.367385,-0.465217,-0.222521,0.298295,-0.409746,-0.185471
sign_1,0.000000,0.000000,0.000000,0.257045,-0.185070,0.018616,0.377889,-0.446414,-0.017556,0.479683,-0.637658,-0.077586,0.551752,-0.820621,-0.133554,0.169716,-1.008074,0.000304,0.267042,-1.346270,-0.065622,0.358348,-1.561083,-0.109197,0.435577,-1.726853,-0.141366,0.128343,-0.989615,-0.064727,0.472508,-1.001614,-0.181324,0.464583,-0.725700,-0.209447,0.374339,-0.620726,-0.201975,0.129011,-0.886394,-0.130859,0.454064,-0.818207,-0.225248,0.417415,-0.568425,-0.196831,0.327362,-0.503902,-0.157234,0.159379,-0.733148,-0.198246,0.399516,-0.650493,-0.243110,0.374344,-0.462707,-0.209469,0.303902,-0.410321,-0.173964
sign_1,0.000000,0.000000,0.000000,0.259979,-0.186934,0.036491,0.378664,-0.457116,0.009204,0.483526,-0.652779,-0.045727,0.555446,-0.824183,-0.098046,0.175748,-1.011389,0.020174,0.276300,-1.341049,-0.036070,0.368442,-1.555479,-0.074113,0.442540,-1.720131,-0.104711,0.138550,-0.988948,-0.052783,0.479367,-1.010866,-0.155835,0.474719,-0.736844,-0.177877,0.385823,-0.637298,-0.170865,0.143168,-0.880519,-0.125952,0.468107,-0.830244,-0.209763,0.435375,-0.584579,-0.177580,0.343823,-0.522188,-0.140167,0.177088,-0.725562,-0.199284,0.421406,-0.668413,-0.238516,0.399973,-0.488060,-0.203114,0.328013,-0.438072,-0.169857
sign_1,0.000000,0.000000,0.000000,0.261393,-0.179287,0.008823,0.378843,-0.446052,-0.028339,0.479756,-0.648255,-0.086797,0.561848,-0.820899,-0.140171,0.168872,-0.997214,-0.002116,0.272616,-1.335345,-0.067093,0.364846,-1.560667,-0.109064,0.438448,-1.733395,-0.141262,0.139611,-0.988383,-0.060064,0.474797,-1.007773,-0.172540,0.472594,-0.747839,-0.197584,0.389341,-0.650954,-0.190238,0.151045,-0.889617,-0.120534,0.471724,-0.818182,-0.212608,0.436698,-0.586154,-0.186748,0.351198,-0.529894,-0.151220,0.192812,-0.739678,-0.183424,0.431179,-0.633939,-0.227970,0.400595,-0.456044,-0.200721,0.328443,-0.413374,-0.172048
sign_1,0.000000,0.000000,0.000000,0.203024,-0.226785,0.030917,0.361605,-0.509837,0.000930,0.508875,-0.694376,-0.050344,0.605240,-0.800647,-0.098304,0.210920,-1.020744,-0.007065,0.329843,-1.362585,-0.054807,0.410633,-1.583666,-0.084912,0.478207,-1.761811,-0.111058,0.201735,-0.976915,-0.070285,0.539056,-0.929287,-0.150545,0.510929,-0.694911,-0.162978,0.421573,-0.631030,-0.157493,0.225417,-0.831062,-0.130563,0.530650,-0.704934,-0.185539,0.468413,-0.524045,-0.151610,0.379094,-0.509214,-0.123965,0.270822,-0.648677,-0.192047,0.492708,-0.524885,-0.201372,0.437001,-0.377138,-0.161792,0.359188,-0.361548,-0.133483
sign_1,0.000000,0.000000,0.000000,0.046218,-0.402002,0.059153,0.178994,-0.745135,0.048663,0.333950,-0.866030,0.014657,0.468221,-0.868213,-0.020873,0.205858,-1.029844,-0.000693,0.336731,-1.411379,-0.038231,0.417084,-1.646563,-0.055400,0.481474,-1.829083,-0.070062,0.258201,-0.963711,-0.067779,0.553017,-0.957220,-0.119770,0.528219,-0.758508,-0.114719,0.451238,-0.701738,-0.100517,0.320202,-0.803415,-0.128253,0.567211,-0.725276,-0.152380,0.516196,-0.574702,-0.107181,0.441847,-0.557933,-0.076144,0.374563,-0.606443,-0.188266,0.560720,-0.524565,-0.169969,0.503616,-0.395108,-0.115325,0.430758,-0.374847,-0.077559
sign_1,0.000000,0.000000,0.000000,0.038333,-0.419877,0.063306,0.153803,-0.747230,0.051228,0.299858,-0.857107,0.017275,0.432806,-0.834027,-0.018687,0.187260,-1.033814,-0.014183,0.312740,-1.412344,-0.044515,0.398727,-1.628953,-0.056925,0.470356,-1.797180,-0.068338,0.255445,-0.963635,-0.078462,0.515082,-0.932558,-0.112559,0.487588,-0.748641,-0.100587,0.413119,-0.695531,-0.086370,0.327948,-0.792782,-0.133650,0.527551,-0.684949,-0.140533,0.477833,-0.549948,-0.095591,0.405976,-0.528982,-0.068765,0.390008,-0.591368,-0.187556,0.539747,-0.507572,-0.157733,0.486914,-0.389476,-0.101171,0.416926,-0.359404,-0.062604
sign_1,0.000000,0.000000,0.000000,0.014412,-0.442150,0.091051,0.116625,-0.755892,0.093128,0.249099,-0.866107,0.070855,0.365038,-0.844016,0.042480,0.161495,-1.050043,0.002842,0.298928,-1.464894,-0.003972,0.390426,-1.686433,0.000351,0.462629,-1.858035,-0.000242,0.257496,-0.964165,-0.063890,0.491429,-0.974761,-0.062478,0.459225,-0.799931,-0.035971,0.386393,-0.746096,-0.019134,0.350414,-0.779567,-0.116878,0.512430,-0.725052,-0.092199,0.467273,-0.593396,-0.041439,0.401724,-0.559863,-0.018978,0.426108,-0.578932,-0.165357,0.540250,-0.554056,-0.113194,0.493793,-0.435454,-0.047557,0.430184,-0.388003,-0.005910
sign_1,0.000000,0.000000,0.000000,0.001048,-0.458223,0.073000,0.099024,-0.770727,0.065565,0.233346,-0.876690,0.037767,0.351958,-0.838131,0.004904,0.145772,-1.055635,-0.018623,0.278239,-1.490094,-0.035477,0.368143,-1.722990,-0.039144,0.442026,-1.907132,-0.044918,0.254602,-0.963945,-0.077381,0.471501,-0.998536,-0.085746,0.439656,-0.829537,-0.063795,0.368994,-0.760213,-0.047920,0.356392,-0.775143,-0.123418,0.494290,-0.744502,-0.104252,0.450888,-0.612523,-0.053391,0.390467,-0.565510,-0.028566,0.441158,-0.569751,-0.166607,0.534568,-0.564103,-0.117022,0.485311,-0.446573,-0.050654,0.426319,-0.390922,-0.006895
sign_1,0.000000,0.000000,0.000000,-0.001442,-0.457499,0.073510,0.099471,-0.763583,0.067053,0.230283,-0.859411,0.039677,0.341305,-0.814289,0.006470,0.142329,-1.042117,-0.017903,0.272334,-1.479076,-0.030572,0.360739,-1.712192,-0.031934,0.431474,-1.896894,-0.037225,0.254285,-0.964118,-0.076262,0.463601,-0.991135,-0.082663,0.431174,-0.823933,-0.063915,0.356805,-0.753860,-0.050364,0.359562,-0.780908,-0.121304,0.484238,-0.714809,-0.098754,0.438100,-0.588142,-0.056161,0.372309,-0.547056,-0.038011,0.446624,-0.577809,-0.163559,0.523704,-0.523039,-0.112949,0.469480,-0.407885,-0.054100,0.402532,-0.358910,-0.016198
sign_1,0.000000,0.000000,0.000000,-0.009595,-0.461337,0.082103,0.091261,-0.768229,0.080012,0.223878,-0.883031,0.056701,0.343479,-0.850567,0.026782,0.142391,-1.047449,-0.016644,0.267412,-1.491271,-0.025523,0.351793,-1.723093,-0.023705,0.421883,-1.911061,-0.026915,0.256768,-0.963410,-0.076884,0.456577,-1.015769,-0.073497,0.424599,-0.852495,-0.047753,0.353632,-0.776036,-0.032527,0.361181,-0.774269,-0.122720,0.479527,-0.737350,-0.090187,0.435270,-0.613757,-0.040964,0.373719,-0.565811,-0.021760,0.445931,-0.569680,-0.165047,0.525115,-0.555321,-0.105669,0.475156,-0.445043,-0.040588,0.413043,-0.388376,-0.000675
sign_1,0.000000,0.000000,0.000000,-0.008653,-0.452586,0.079192,0.088642,-0.752842,0.076240,0.220769,-0.860588,0.052014,0.334740,-0.823030,0.021348,0.139228,-1.047926,-0.011104,0.265787,-1.484474,-0.018840,0.350910,-1.717156,-0.017612,0.420879,-1.903239,-0.021242,0.254151,-0.964634,-0.069925,0.456677,-1.002866,-0.067119,0.422394,-0.836393,-0.043982,0.349004,-0.764338,-0.029924,0.359744,-0.778280,-0.114813,0.481320,-0.742179,-0.085106,0.436603,-0.611466,-0.037439,0.374326,-0.564206,-0.018100,0.446126,-0.576879,-0.156294,0.528981,-0.564533,-0.099559,0.478798,-0.447492,-0.034607,0.417065,-0.389205,0.006177
sign_1,0.000000,0.000000,0.000000,-0.002293,-0.454600,0.086955,0.095368,-0.757625,0.084987,0.224973,-0.856698,0.059809,0.337634,-0.821301,0.027657,0.143838,-1.046007,-0.008329,0.269485,-1.500102,-0.015494,0.357661,-1.734969,-0.011275,0.426497,-1.920592,-0.011853,0.255701,-0.964092,-0.071717,0.467356,-1.012369,-0.069710,0.434406,-0.840502,-0.042176,0.359769,-0.768175,-0.023560,0.358767,-0.779525,-0.120932,0.489502,-0.730284,-0.089859,0.444365,-0.602633,-0.040491,0.380116,-0.560483,-0.019927,0.443120,-0.578700,-0.166138,0.527786,-0.550097,-0.107043,0.476309,-0.437524,-0.041469,0.412211,-0.387963,-0.000634
sign_1,0.000000,0.000000,0.000000,-0.007638,-0.461481,0.089013,0.087354,-0.768736,0.089288,0.214871,-0.876177,0.066483,0.330181,-0.843155,0.036498,0.132748,-1.055253,-0.005943,0.259628,-1.495744,-0.012438,0.346587,-1.727831,-0.009084,0.418134,-1.914310,-0.010527,0.244796,-0.967147,-0.068573,0.450034,-1.022597,-0.062634,0.416127,-0.854954,-0.033996,0.344540,-0.777169,-0.015996,0.347220,-0.780954,-0.116777,0.473022,-0.748375,-0.081595,0.428672,-0.618624,-0.029388,0.368350,-0.566847,-0.007847,0.429473,-0.583793,-0.161093,0.515491,-0.572922,-0.097997,0.467388,-0.455659,-0.029418,0.409353,-0.393297,0.012952
sign_1,0.000000,0.000000,0.000000,-0.004200,-0.437974,0.090498,0.086384,-0.752007,0.089144,0.215494,-0.867466,0.064495,0.331212,-0.838016,0.033346,0.124327,-1.039073,-0.010408,0.253286,-1.476220,-0.016501,0.339176,-1.712980,-0.010815,0.408502,-1.901420,-0.011214,0.224820,-0.971575,-0.074145,0.449023,-1.020403,-0.069546,0.419672,-0.843949,-0.039255,0.348414,-0.771213,-0.021055,0.325506,-0.801847,-0.123004,0.475901,-0.762724,-0.090360,0.431368,-0.629202,-0.037998,0.366006,-0.581131,-0.017294,0.410930,-0.613239,-0.167660,0.513410,-0.591332,-0.106992,0.464138,-0.470224,-0.041851,0.400361,-0.416144,-0.003189
sign_1,0.000000,0.000000,0.000000,0.002069,-0.449918,0.092649,0.097365,-0.760372,0.090502,0.228505,-0.873677,0.062481,0.348173,-0.862905,0.028701,0.133800,-1.043005,0.001784,0.256810,-1.469758,-0.007322,0.342791,-1.699628,-0.004069,0.412096,-1.879197,-0.005168,0.222403,-0.972575,-0.068074,0.461147,-0.991924,-0.070814,0.433404,-0.811602,-0.043709,0.362324,-0.747843,-0.025356,0.315076,-0.798528,-0.124445,0.485831,-0.730789,-0.098854,0.440396,-0.593544,-0.045992,0.375524,-0.557274,-0.023091,0.396685,-0.602955,-0.176991,0.518955,-0.558964,-0.121277,0.465050,-0.433874,-0.055104,0.399128,-0.387483,-0.014514
sign_1,0.000000,0.000000,0.000000,0.016552,-0.426713,0.085437,0.116288,-0.751185,0.084414,0.252014,-0.865442,0.057657,0.375778,-0.864122,0.026668,0.138819,-1.037419,0.011083,0.263404,-1.438112,-0.003391,0.346642,-1.662066,-0.004093,0.414565,-1.834257,-0.007646,0.218630,-0.974059,-0.058404,0.476000,-0.983448,-0.074393,0.451018,-0.795336,-0.055503,0.378557,-0.731371,-0.038849,0.304802,-0.812821,-0.116538,0.499356,-0.743066,-0.108725,0.453748,-0.596570,-0.061710,0.386244,-0.562536,-0.036826,0.381821,-0.627161,-0.171031,0.524158,-0.570691,-0.130580,0.476561,-0.440881,-0.070679,0.411817,-0.399765,-0.031302
sign_1,0.000000,0.000000,0.000000,0.064856,-0.376026,0.057419,0.193373,-0.717579,0.039441,0.346441,-0.854770,-0.003759,0.472457,-0.874330,-0.045412,0.155239,-1.023479,0.007558,0.276278,-1.420239,-0.031061,0.354145,-1.644448,-0.048571,0.423154,-1.814780,-0.063569,0.199746,-0.977766,-0.063843,0.495912,-1.002424,-0.123883,0.470660,-0.792408,-0.120938,0.394063,-0.722054,-0.105665,0.260261,-0.850429,-0.130127,0.507841,-0.787872,-0.156490,0.450939,-0.623098,-0.111028,0.374635,-0.599595,-0.079555,0.322907,-0.687502,-0.197048,0.503961,-0.611751,-0.180090,0.446802,-0.466999,-0.127806,0.373693,-0.438365,-0.092614
sign_1,0.000000,0.000000,0.000000,0.252135,-0.184141,0.018826,0.377268,-0.449634,-0.005726,0.473938,-0.634134,-0.054803,0.542060,-0.812382,-0.099339,0.175458,-0.993299,0.030323,0.262887,-1.298910,-0.023265,0.332487,-1.521543,-0.062321,0.381786,-1.708584,-0.093671,0.141092,-0.989526,-0.030524,0.451786,-0.976980,-0.134117,0.451522,-0.695942,-0.160088,0.371522,-0.593512,-0.153699,0.140715,-0.907972,-0.094466,0.439049,-0.831417,-0.189061,0.409968,-0.578341,-0.166275,0.325216,-0.507919,-0.128534,0.166007,-0.776867,-0.159314,0.400652,-0.713332,-0.206114,0.387645,-0.528973,-0.175421,0.323792,-0.463366,-0.141219
sign_1,0.000000,0.000000,0.000000,0.216259,-0.184134,-0.033836,0.366674,-0.431320,-0.068525,0.472526,-0.639761,-0.118612,0.482316,-0.882952,-0.162781,0.218189,-0.952214,0.012585,0.285386,-1.255484,-0.056063,0.327467,-1.464117,-0.093419,0.348904,-1.660692,-0.117128,0.141723,-0.989698,-0.020329,0.370381,-1.022776,-0.141599,0.375221,-0.705353,-0.169712,0.312408,-0.588423,-0.153980,0.077396,-0.963202,-0.063757,0.306026,-0.875594,-0.191668,0.280358,-0.578716,-0.175267,0.200540,-0.501755,-0.125469,0.020495,-0.890385,-0.110723,0.213035,-0.817086,-0.186191,0.219731,-0.607632,-0.162192,0.160637,-0.535070,-0.120672
sign_1,0.000000,0.000000,0.000000,0.229784,-0.172967,-0.057654,0.407026,-0.465912,-0.081557,0.520340,-0.754802,-0.120022,0.510845,-1.045550,-0.156000,0.296574,-0.935721,0.031111,0.374649,-1.311162,-0.035820,0.419870,-1.544823,-0.077425,0.450865,-1.769053,-0.104519,0.205463,-0.978619,0.009451,0.373987,-1.179874,-0.123585,0.389022,-0.862597,-0.167279,0.345326,-0.674109,-0.158477,0.100606,-0.983480,-0.027099,0.266451,-1.102392,-0.173872,0.263363,-0.778385,-0.163325,0.203091,-0.600315,-0.109411,-0.025012,-0.966013,-0.068415,0.122623,-1.102204,-0.166139,0.161995,-0.874630,-0.145450,0.128016,-0.713889,-0.100874
sign_1,0.000000,0.000000,0.000000,0.225615,-0.127940,-0.067265,0.439113,-0.485443,-0.084590,0.554181,-0.832498,-0.108125,0.524228,-1.129493,-0.131049,0.371754,-0.908493,-0.004155,0.465108,-1.296550,-0.068489,0.516171,-1.548035,-0.104483,0.548053,-1.784347,-0.129628,0.249493,-0.968118,-0.022374,0.379752,-1.309455,-0.155501,0.410104,-1.009631,-0.199779,0.388050,-0.787337,-0.190111,0.106033,-0.972563,-0.050756,0.227872,-1.173023,-0.207952,0.237357,-0.805673,-0.192984,0.197330,-0.594151,-0.133134,-0.060493,-0.946904,-0.082301,0.059144,-1.125096,-0.191382,0.101585,-0.857728,-0.164678,0.080401,-0.677473,-0.114553
sign_1,0.000000,0.000000,0.000000,0.214554,-0.092946,-0.074645,0.436593,-0.474867,-0.092270,0.522550,-0.877304,-0.109749,0.450890,-1.159602,-0.129656,0.386853,-0.909372,-0.042247,0.483463,-1.322306,-0.106475,0.532580,-1.600159,-0.142943,0.561935,-1.849693,-0.170191,0.244285,-0.968067,-0.056308,0.350233,-1.330082,-0.187195,0.350280,-1.019780,-0.225724,0.315384,-0.775943,-0.214242,0.087256,-0.956538,-0.077788,0.174949,-1.166711,-0.223018,0.186819,-0.842843,-0.206041,0.160055,-0.640773,-0.150931,-0.092263,-0.922526,-0.102846,-0.014713,-1.145407,-0.197853,0.031536,-0.917701,-0.167276,0.025911,-0.744926,-0.119643
sign_1,0.000000,0.000000,0.000000,0.209370,-0.105763,-0.095158,0.422273,-0.489409,-0.123390,0.482426,-0.916130,-0.148408,0.380627,-1.216899,-0.172939,0.396762,-0.904855,-0.043443,0.504018,-1.354293,-0.116261,0.553079,-1.642925,-0.153322,0.582712,-1.914242,-0.180844,0.248990,-0.967218,-0.049926,0.329708,-1.343724,-0.195844,0.312891,-0.995509,-0.235091,0.284348,-0.779913,-0.217744,0.090962,-0.958886,-0.066232,0.150621,-1.148798,-0.233540,0.144677,-0.777706,-0.206057,0.119722,-0.613080,-0.136733,-0.085577,-0.928334,-0.087258,-0.019853,-1.089244,-0.195163,-0.003153,-0.819068,-0.154072,-0.020322,-0.685331,-0.094351
sign_1,0.000000,0.000000,0.000000,0.195814,-0.106984,-0.085433,0.402034,-0.474077,-0.111184,0.459012,-0.871982,-0.134819,0.373428,-1.141808,-0.158212,0.375303,-0.921492,-0.053249,0.483265,-1.378085,-0.124250,0.536111,-1.663990,-0.159740,0.571805,-1.927173,-0.185062,0.231593,-0.970860,-0.061601,0.310028,-1.318468,-0.197641,0.291338,-0.963501,-0.226537,0.265166,-0.731922,-0.205247,0.080573,-0.944034,-0.078404,0.132674,-1.129101,-0.226018,0.126834,-0.778011,-0.192320,0.104011,-0.603455,-0.124458,-0.087816,-0.885562,-0.100100,-0.035010,-1.084373,-0.191440,-0.007587,-0.839146,-0.145195,-0.013970,-0.693574,-0.084364
sign_1,0.000000,0.000000,0.000000,0.186883,-0.111749,-0.089712,0.380539,-0.449787,-0.120259,0.449446,-0.818099,-0.148648,0.380645,-1.086848,-0.175672,0.372605,-0.919589,-0.058023,0.477351,-1.361233,-0.133295,0.523801,-1.644529,-0.172958,0.554077,-1.911388,-0.200322,0.236185,-0.969539,-0.064897,0.305872,-1.316619,-0.208831,0.299885,-0.988629,-0.247028,0.286447,-0.749074,-0.230023,0.089604,-0.952313,-0.080169,0.140616,-1.124760,-0.233282,0.140459,-0.776777,-0.210672,0.124407,-0.585701,-0.147241,-0.069111,-0.905605,-0.100971,-0.017102,-1.075143,-0.196318,0.014123,-0.835733,-0.160172,0.015645,-0.682833,-0.104356
sign_1,0.000000,0.000000,0.000000,0.199561,-0.104877,-0.093047,0.389590,-0.435550,-0.128497,0.472534,-0.806943,-0.162501,0.406053,-1.086780,-0.193565,0.376230,-0.919402,-0.051238,0.489238,-1.362180,-0.124742,0.538593,-1.639006,-0.158320,0.565672,-1.894652,-0.181410,0.246344,-0.967379,-0.059095,0.324655,-1.319553,-0.202530,0.314041,-0.982637,-0.234220,0.300178,-0.777924,-0.212366,0.105411,-0.948103,-0.076932,0.164504,-1.125133,-0.234084,0.164096,-0.775104,-0.203680,0.148132,-0.615733,-0.134918,-0.049946,-0.905341,-0.100628,0.005211,-1.070132,-0.200116,0.034991,-0.818078,-0.159820,0.032905,-0.680566,-0.101085
sign_1,0.000000,0.000000,0.000000,0.191488,-0.090835,-0.095134,0.383177,-0.425845,-0.129219,0.468087,-0.793651,-0.160795,0.391892,-1.046646,-0.189899,0.363381,-0.922036,-0.059252,0.475633,-1.367831,-0.134712,0.525697,-1.639612,-0.172725,0.552660,-1.894395,-0.200016,0.233177,-0.970134,-0.066840,0.312244,-1.304554,-0.212706,0.300906,-0.967532,-0.247220,0.280628,-0.753739,-0.227876,0.091451,-0.951967,-0.084480,0.150387,-1.113362,-0.239845,0.151214,-0.772225,-0.214260,0.134440,-0.615057,-0.150239,-0.062983,-0.909532,-0.108646,0.001225,-1.047577,-0.206230,0.028666,-0.802728,-0.170286,0.022871,-0.672211,-0.116157
sign_1,0.000000,0.000000,0.000000,0.193352,-0.103687,-0.090438,0.388873,-0.455399,-0.125048,0.472379,-0.835355,-0.159040,0.385532,-1.094670,-0.191556,0.367806,-0.924399,-0.057580,0.477730,-1.376082,-0.129528,0.529996,-1.651175,-0.161014,0.558842,-1.910000,-0.183790,0.235698,-0.969431,-0.068198,0.318216,-1.314941,-0.208119,0.308241,-0.960495,-0.234102,0.288367,-0.759245,-0.209750,0.093042,-0.945218,-0.088280,0.158018,-1.126059,-0.244967,0.161099,-0.760458,-0.211703,0.140355,-0.600796,-0.142060,-0.065322,-0.900754,-0.113951,0.000848,-1.070972,-0.214143,0.034177,-0.814800,-0.172547,0.027995,-0.675975,-0.114022
sign_1,0.000000,0.000000,0.000000,0.188359,-0.110677,-0.089538,0.379315,-0.454981,-0.128015,0.461008,-0.829821,-0.165696,0.380273,-1.087050,-0.202024,0.352900,-0.933271,-0.063213,0.463618,-1.386579,-0.136478,0.515275,-1.663213,-0.169513,0.539951,-1.923329,-0.193568,0.220513,-0.972539,-0.074441,0.306905,-1.313377,-0.215357,0.300036,-0.949079,-0.241090,0.272788,-0.737652,-0.216843,0.079574,-0.941525,-0.094691,0.152580,-1.103395,-0.250717,0.153849,-0.738689,-0.217034,0.123931,-0.580707,-0.147670,-0.076059,-0.888596,-0.120420,-0.001774,-1.034503,-0.220725,0.031605,-0.782626,-0.180586,0.018169,-0.654034,-0.123531
sign_1,0.000000,0.000000,0.000000,0.182228,-0.120813,-0.082815,0.370469,-0.452688,-0.124958,0.454578,-0.801173,-0.168660,0.373770,-1.044423,-0.209898,0.341430,-0.940262,-0.057083,0.443745,-1.374929,-0.133952,0.500268,-1.640986,-0.168485,0.525466,-1.888113,-0.192247,0.211716,-0.974645,-0.072415,0.305411,-1.263160,-0.211391,0.292360,-0.882066,-0.230205,0.260721,-0.705500,-0.202518,0.076361,-0.941942,-0.097438,0.156043,-1.086389,-0.248797,0.155292,-0.719564,-0.202957,0.122865,-0.589172,-0.127939,-0.075277,-0.883698,-0.128211,0.008969,-1.009276,-0.220237,0.038130,-0.757128,-0.169179,0.017420,-0.652999,-0.106080
sign_1,0.000000,0.000000,0.000000,0.188508,-0.124817,-0.075933,0.374521,-0.476566,-0.109285,0.463078,-0.839932,-0.145998,0.372812,-1.049654,-0.182973,0.330764,-0.945951,-0.049855,0.431410,-1.388510,-0.121851,0.485142,-1.658423,-0.159742,0.513540,-1.911925,-0.188180,0.201819,-0.977058,-0.068026,0.294173,-1.279134,-0.207016,0.291732,-0.927407,-0.236913,0.262178,-0.712559,-0.218090,0.065607,-0.943037,-0.094627,0.153767,-1.104363,-0.242724,0.161304,-0.763578,-0.212610,0.134825,-0.594096,-0.148951,-0.085231,-0.882509,-0.126631,0.001114,-1.023540,-0.220191,0.040645,-0.789172,-0.182878,0.033732,-0.649453,-0.130111
sign_1,0.000000,0.000000,0.000000,0.192729,-0.133543,-0.077689,0.380922,-0.467418,-0.111336,0.472840,-0.810172,-0.147934,0.397086,-1.023149,-0.183537,0.329456,-0.941763,-0.049862,0.427186,-1.390585,-0.124666,0.480442,-1.655619,-0.163783,0.509752,-1.908487,-0.191578,0.203526,-0.976817,-0.066377,0.297941,-1.275990,-0.209026,0.297100,-0.935846,-0.240979,0.271686,-0.727564,-0.221968,0.069661,-0.950075,-0.092026,0.162343,-1.089121,-0.241793,0.166815,-0.753160,-0.214287,0.142440,-0.591123,-0.150830,-0.079007,-0.897168,-0.123502,0.008426,-1.010859,-0.216194,0.046881,-0.778229,-0.181053,0.042407,-0.645987,-0.128846
sign_1,0.000000,0.000000,0.000000,0.190651,-0.143493,-0.069470,0.367462,-0.464325,-0.105500,0.457179,-0.776379,-0.146699,0.398882,-1.004368,-0.187651,0.302393,-0.955518,-0.052206,0.395506,-1.392068,-0.131285,0.451097,-1.646739,-0.172381,0.484164,-1.889942,-0.199988,0.176291,-0.981726,-0.071661,0.289479,-1.247655,-0.216598,0.292831,-0.886767,-0.247612,0.262152,-0.674000,-0.228742,0.043429,-0.946005,-0.099748,0.152739,-1.065140,-0.252593,0.163619,-0.716616,-0.224744,0.137393,-0.549805,-0.160865,-0.102055,-0.880292,-0.132169,-0.002159,-0.999577,-0.228253,0.044338,-0.762579,-0.192921,0.038643,-0.623750,-0.140052
sign_1,0.000000,0.000000,0.000000,0.200832,-0.138781,-0.065779,0.378898,-0.474404,-0.094813,0.474693,-0.798910,-0.130225,0.425913,-1.041886,-0.166198,0.302736,-0.958719,-0.033854,0.393629,-1.395254,-0.104543,0.449749,-1.651228,-0.145216,0.482883,-1.891822,-0.173609,0.188471,-0.980686,-0.052276,0.309300,-1.249224,-0.187674,0.323856,-0.931598,-0.226215,0.291653,-0.728216,-0.215788,0.063850,-0.941963,-0.078979,0.178167,-1.099458,-0.221421,0.196571,-0.778049,-0.200191,0.168722,-0.604105,-0.144348,-0.076792,-0.870402,-0.110057,0.024889,-1.005963,-0.202974,0.074702,-0.778764,-0.172285,0.067677,-0.629052,-0.123765
sign_1,0.000000,0.000000,0.000000,0.202710,-0.205231,-0.058858,0.355061,-0.522667,-0.092007,0.451845,-0.798437,-0.137058,0.466604,-1.071432,-0.183437,0.250631,-0.985788,-0.033528,0.328263,-1.422045,-0.109923,0.384211,-1.678680,-0.159572,0.426365,-1.903502,-0.190744,0.137237,-0.988979,-0.055565,0.277152,-1.210843,-0.192270,0.335415,-0.937883,-0.239844,0.333148,-0.696177,-0.239398,0.014978,-0.938264,-0.086834,0.139907,-1.103650,-0.218618,0.195390,-0.823292,-0.207592,0.194112,-0.584948,-0.162005,-0.121853,-0.844497,-0.123628,-0.017560,-1.042792,-0.212784,0.064537,-0.853508,-0.191822,0.085167,-0.643118,-0.150151
sign_1,0.000000,0.000000,0.000000,0.177291,-0.186796,-0.046884,0.305417,-0.483939,-0.082621,0.385452,-0.730886,-0.127341,0.432462,-0.966918,-0.168905,0.184801,-0.978135,-0.041420,0.246667,-1.308465,-0.111295,0.286928,-1.532761,-0.154356,0.312957,-1.734038,-0.183403,0.081061,-0.994554,-0.065506,0.264230,-1.089028,-0.173990,0.350419,-0.845331,-0.204324,0.363384,-0.657021,-0.200247,-0.012355,-0.925016,-0.096910,0.188127,-0.908454,-0.206802,0.230156,-0.643596,-0.188626,0.208970,-0.479099,-0.146426,-0.096009,-0.794982,-0.133743,0.074397,-0.806181,-0.207811,0.139913,-0.628342,-0.186502,0.139860,-0.494082,-0.148625
sign_1,0.000000,0.000000,0.000000,0.230924,-0.234786,-0.000347,0.356306,-0.534047,-0.036362,0.450115,-0.746823,-0.090849,0.521509,-0.961886,-0.142677,0.180955,-1.020732,-0.030433,0.253396,-1.338192,-0.101053,0.308791,-1.579041,-0.143192,0.342720,-1.769761,-0.173231,0.100477,-0.991086,-0.087477,0.403338,-1.056384,-0.197111,0.490977,-0.761733,-0.212556,0.483573,-0.576342,-0.198279,0.061127,-0.865586,-0.147402,0.357778,-0.844770,-0.249379,0.384297,-0.565355,-0.207973,0.333828,-0.422378,-0.155665,0.053708,-0.684794,-0.210259,0.288970,-0.690890,-0.268955,0.324307,-0.502800,-0.227182,0.286319,-0.391372,-0.181330
sign_1,0.000000,0.000000,0.000000,0.151792,-0.300910,0.035282,0.295005,-0.639363,0.010791,0.432349,-0.833210,-0.033124,0.538428,-0.946971,-0.075329,0.184305,-1.031450,-0.024218,0.273659,-1.419944,-0.070914,0.337346,-1.666279,-0.098850,0.384944,-1.863611,-0.122386,0.196307,-0.976592,-0.087931,0.502937,-1.021346,-0.157781,0.511443,-0.783033,-0.163086,0.440248,-0.691885,-0.155289,0.233971,-0.828485,-0.146854,0.509488,-0.804764,-0.191376,0.481787,-0.616514,-0.148902,0.403410,-0.571949,-0.117731,0.284773,-0.645230,-0.206396,0.485117,-0.610521,-0.206808,0.457482,-0.458401,-0.156477,0.392669,-0.415879,-0.121887
sign_1,0.000000,0.000000,0.000000,0.004912,-0.459531,0.087363,0.100755,-0.797819,0.082963,0.234690,-0.934339,0.054108,0.362630,-0.928238,0.019400,0.151428,-1.066790,-0.016530,0.261368,-1.526144,-0.037121,0.334230,-1.774869,-0.037929,0.394245,-1.975279,-0.041462,0.248821,-0.964433,-0.089205,0.485891,-1.069811,-0.105124,0.453657,-0.891729,-0.073223,0.378624,-0.806848,-0.048595,0.343375,-0.778442,-0.149296,0.506421,-0.768955,-0.131437,0.454800,-0.639618,-0.066963,0.389090,-0.592263,-0.034474,0.419973,-0.575188,-0.206273,0.533824,-0.592574,-0.151774,0.473814,-0.476940,-0.075764,0.412962,-0.422945,-0.029084
sign_1,0.000000,0.000000,0.000000,-0.024969,-0.471427,0.071926,0.069342,-0.817170,0.075635,0.207993,-0.951416,0.064362,0.338532,-0.931083,0.048503,0.138726,-1.084670,-0.024465,0.241597,-1.570535,-0.026418,0.314295,-1.822933,-0.014873,0.371788,-2.018320,-0.010826,0.269139,-0.960314,-0.073224,0.435477,-1.130244,-0.065863,0.398602,-0.975898,-0.030317,0.330581,-0.857759,-0.006045,0.374095,-0.758653,-0.108111,0.456725,-0.833276,-0.070912,0.415271,-0.726185,-0.015979,0.360217,-0.648158,0.008333,0.447741,-0.549215,-0.139357,0.489364,-0.641690,-0.076044,0.445421,-0.549999,-0.006312,0.396925,-0.475921,0.036932
sign_1,0.000000,0.000000,0.000000,-0.052499,-0.486975,0.055875,0.028030,-0.849592,0.056369,0.171037,-0.994173,0.045430,0.304411,-0.975724,0.030506,0.117446,-1.102672,-0.031213,0.222471,-1.586469,-0.037620,0.290130,-1.846460,-0.029448,0.344984,-2.044210,-0.027185,0.260444,-0.963060,-0.068444,0.391734,-1.170654,-0.063445,0.341650,-1.039848,-0.028073,0.276172,-0.915557,-0.003463,0.370336,-0.754860,-0.093944,0.415655,-0.900510,-0.063004,0.373519,-0.806503,-0.010358,0.325655,-0.707651,0.014659,0.448615,-0.546919,-0.116788,0.454093,-0.688731,-0.062390,0.410302,-0.603042,0.002382,0.372058,-0.512798,0.044157
sign_1,0.000000,0.000000,0.000000,-0.052726,-0.502028,0.048481,0.028962,-0.866232,0.042212,0.171847,-0.990534,0.024510,0.302634,-0.959062,0.001803,0.127453,-1.109870,-0.042187,0.225017,-1.591969,-0.057052,0.293752,-1.854857,-0.055814,0.350525,-2.057511,-0.058320,0.275864,-0.957727,-0.081600,0.393261,-1.198844,-0.090219,0.338356,-1.069887,-0.061662,0.269845,-0.933400,-0.038240,0.386100,-0.739441,-0.109700,0.410860,-0.905224,-0.090026,0.363505,-0.809323,-0.040686,0.315969,-0.704830,-0.014285,0.462488,-0.521958,-0.135617,0.451553,-0.688133,-0.090047,0.402856,-0.606160,-0.026351,0.365073,-0.511924,0.016582
sign_1,0.000000,0.000000,0.000000,-0.059570,-0.492953,0.041279,0.013402,-0.875455,0.038542,0.160320,-1.003824,0.027857,0.292677,-0.956082,0.012429,0.129518,-1.106013,-0.049715,0.232879,-1.585959,-0.058381,0.305943,-1.847769,-0.054180,0.363098,-2.051706,-0.056398,0.281978,-0.955999,-0.080958,0.384363,-1.209572,-0.077134,0.328108,-1.092644,-0.044091,0.262513,-0.961670,-0.021668,0.390306,-0.743697,-0.100967,0.402693,-0.909271,-0.073625,0.351238,-0.830124,-0.027551,0.300769,-0.726312,-0.006545,0.459388,-0.533024,-0.119238,0.436825,-0.698000,-0.074528,0.387065,-0.629238,-0.017319,0.347845,-0.531070,0.019766
sign_1,0.000000,0.000000,0.000000,-0.082137,-0.497126,0.040141,-0.013504,-0.880440,0.034438,0.133963,-1.019966,0.022785,0.273302,-0.986020,0.005771,0.106934,-1.113945,-0.070135,0.218327,-1.619956,-0.082035,0.290195,-1.890954,-0.077279,0.350001,-2.104240,-0.078358,0.267786,-0.958625,-0.096584,0.365453,-1.235439,-0.088916,0.301967,-1.126771,-0.047938,0.238222,-0.994035,-0.021843,0.382766,-0.742166,-0.110777,0.385570,-0.923813,-0.074736,0.327951,-0.848101,-0.020896,0.278435,-0.737776,0.002348,0.457696,-0.532111,-0.123539,0.431065,-0.704999,-0.069509,0.375099,-0.641520,-0.007389,0.334016,-0.542916,0.030926
sign_1,0.000000,0.000000,0.000000,-0.080305,-0.480763,0.051600,-0.020078,-0.846457,0.048743,0.120679,-0.982747,0.036991,0.254260,-0.946656,0.018692,0.110627,-1.101774,-0.055685,0.219474,-1.597807,-0.064675,0.290676,-1.861807,-0.059247,0.350887,-2.065870,-0.059718,0.269387,-0.959239,-0.085392,0.368016,-1.201591,-0.068895,0.306488,-1.086660,-0.023221,0.241298,-0.953983,0.004018,0.381455,-0.745751,-0.102903,0.386007,-0.899143,-0.061314,0.330985,-0.820456,-0.007204,0.279840,-0.710740,0.013957,0.454846,-0.535689,-0.118044,0.430544,-0.670356,-0.062916,0.375028,-0.597093,-0.002830,0.331636,-0.498332,0.033331
sign_1,0.000000,0.000000,0.000000,-0.075697,-0.494270,0.033878,-0.007884,-0.874469,0.027269,0.138751,-0.998238,0.013971,0.271836,-0.951510,-0.003766,0.112844,-1.107829,-0.060243,0.218330,-1.589802,-0.072036,0.289903,-1.847150,-0.069544,0.349363,-2.049155,-0.072798,0.269923,-0.958861,-0.087905,0.356046,-1.202462,-0.086099,0.294081,-1.095509,-0.053037,0.228346,-0.968129,-0.030843,0.380567,-0.749369,-0.104882,0.367399,-0.893759,-0.076363,0.312723,-0.812751,-0.030025,0.263949,-0.705562,-0.009717,0.451323,-0.541790,-0.121507,0.413531,-0.680016,-0.076737,0.360409,-0.612534,-0.021718,0.320727,-0.516987,0.013763
sign_1,0.000000,0.000000,0.000000,-0.079223,-0.486322,0.043005,-0.014443,-0.871088,0.043466,0.127791,-0.993671,0.036010,0.259338,-0.938823,0.023235,0.109060,-1.111049,-0.047375,0.213161,-1.612733,-0.050510,0.283946,-1.873730,-0.039800,0.343187,-2.072165,-0.036569,0.268595,-0.960373,-0.074437,0.350522,-1.223786,-0.062532,0.281974,-1.118997,-0.022956,0.214564,-0.985635,0.003136,0.379885,-0.748213,-0.090484,0.367644,-0.916908,-0.054655,0.310067,-0.840329,-0.008292,0.261370,-0.730269,0.011134,0.451579,-0.543856,-0.104817,0.413071,-0.702139,-0.053843,0.360206,-0.636679,0.002184,0.320472,-0.539922,0.037246
sign_1,0.000000,0.000000,0.000000,-0.089507,-0.479362,0.030571,-0.042055,-0.858558,0.019346,0.097651,-0.994380,0.001149,0.235402,-0.951679,-0.021281,0.091552,-1.097420,-0.068188,0.188083,-1.578635,-0.082358,0.252037,-1.833494,-0.080452,0.305954,-2.034569,-0.084666,0.250120,-0.963383,-0.096605,0.323086,-1.198129,-0.093689,0.262379,-1.089895,-0.059592,0.203444,-0.963296,-0.039885,0.364774,-0.758718,-0.114925,0.346151,-0.900872,-0.088849,0.295053,-0.817323,-0.040555,0.251909,-0.709072,-0.020460,0.442500,-0.555531,-0.133335,0.410872,-0.700442,-0.091676,0.362359,-0.625909,-0.035372,0.325787,-0.524375,0.000533
sign_1,0.000000,0.000000,0.000000,-0.059079,-0.476274,0.045885,0.012898,-0.822843,0.042142,0.139256,-0.912762,0.025092,0.254021,-0.849476,0.002417,0.144378,-1.097937,-0.027867,0.254116,-1.512723,-0.031540,0.322102,-1.740014,-0.029178,0.377962,-1.910390,-0.034250,0.294813,-0.953318,-0.065343,0.362774,-1.070528,-0.055647,0.299188,-0.959035,-0.030580,0.241314,-0.859372,-0.019170,0.400204,-0.725536,-0.092540,0.371904,-0.781162,-0.061746,0.316421,-0.688473,-0.021332,0.273903,-0.601876,-0.008659,0.468644,-0.505235,-0.119440,0.432515,-0.577282,-0.074172,0.379658,-0.494874,-0.020637,0.340850,-0.406052,0.012237
sign_1,0.000000,0.000000,0.000000,-0.052809,-0.461412,0.028745,0.030139,-0.811138,0.024250,0.164735,-0.923412,0.012378,0.270543,-0.895345,-0.002646,0.126460,-1.101467,-0.043106,0.227928,-1.568517,-0.062775,0.301145,-1.830350,-0.066749,0.356946,-2.029977,-0.071848,0.275901,-0.958484,-0.072020,0.375570,-1.130772,-0.088271,0.314648,-0.993972,-0.065640,0.244942,-0.868508,-0.044074,0.384885,-0.745861,-0.093035,0.395545,-0.827562,-0.087163,0.337038,-0.723638,-0.046580,0.282294,-0.631605,-0.021805,0.460490,-0.530557,-0.113566,0.447595,-0.611016,-0.081349,0.391342,-0.523840,-0.027421,0.346036,-0.442168,0.012047
sign_1,0.000000,0.000000,0.000000,-0.046968,-0.481048,0.054165,0.037139,-0.835805,0.058726,0.168100,-0.954947,0.050234,0.292162,-0.931745,0.037603,0.137261,-1.099758,-0.019388,0.241474,-1.555385,-0.022847,0.309640,-1.802721,-0.014793,0.365664,-1.991395,-0.013283,0.282579,-0.957492,-0.057945,0.389412,-1.136347,-0.051982,0.334350,-1.014616,-0.022283,0.269597,-0.896169,-0.001422,0.388609,-0.742293,-0.085791,0.397598,-0.826340,-0.054788,0.341661,-0.733360,-0.011609,0.290524,-0.643383,0.006796,0.458160,-0.529069,-0.111983,0.438910,-0.616282,-0.063147,0.385161,-0.537385,-0.008718,0.340454,-0.456732,0.026194
sign_1,0.000000,0.000000,0.000000,-0.013143,-0.467219,0.081468,0.073685,-0.803508,0.081169,0.207368,-0.937365,0.061528,0.335844,-0.917962,0.035790,0.136092,-1.062266,-0.029907,0.254553,-1.542916,-0.044305,0.333436,-1.796423,-0.039924,0.399310,-1.994206,-0.039089,0.249359,-0.964512,-0.086817,0.463511,-1.052151,-0.088544,0.429715,-0.889598,-0.053772,0.356850,-0.804133,-0.030453,0.351029,-0.776717,-0.129609,0.488160,-0.775584,-0.103114,0.444009,-0.654782,-0.045786,0.383615,-0.594965,-0.018909,0.431025,-0.580211,-0.168260,0.523065,-0.600005,-0.112520,0.473965,-0.490246,-0.043440,0.415171,-0.425486,0.000353
sign_1,0.000000,0.000000,0.000000,0.221788,-0.158585,-0.015835,0.373075,-0.399469,-0.049624,0.481458,-0.592875,-0.100425,0.499925,-0.827902,-0.145486,0.262267,-0.936468,-0.000471,0.368923,-1.231599,-0.070845,0.428219,-1.440337,-0.109953,0.454269,-1.651250,-0.138749,0.178962,-0.982813,-0.045283,0.405618,-0.983452,-0.166493,0.394967,-0.650323,-0.189302,0.327426,-0.541899,-0.174018,0.110817,-0.958124,-0.096771,0.332329,-0.845933,-0.216797,0.294315,-0.551376,-0.184822,0.213884,-0.498801,-0.131767,0.056375,-0.875963,-0.151261,0.240540,-0.755763,-0.225232,0.220322,-0.552750,-0.194257,0.144940,-0.519073,-0.151918
sign_1,0.000000,0.000000,0.000000,0.203136,-0.145423,-0.043940,0.381778,-0.396241,-0.079906,0.501162,-0.635606,-0.130288,0.483978,-0.870263,-0.180043,0.311798,-0.920120,-0.021548,0.437922,-1.276412,-0.100601,0.517273,-1.487663,-0.147613,0.569987,-1.702201,-0.179171,0.202836,-0.977891,-0.050859,0.374868,-1.003615,-0.180983,0.354274,-0.684516,-0.209919,0.286602,-0.561019,-0.199795,0.093470,-0.964662,-0.089895,0.264441,-0.915017,-0.220042,0.238242,-0.618230,-0.190388,0.173338,-0.523729,-0.137225,-0.022198,-0.900556,-0.134137,0.141400,-0.857152,-0.214970,0.150519,-0.638996,-0.183264,0.099156,-0.561334,-0.137982
sign_1,0.000000,0.000000,0.000000,0.191153,-0.134014,-0.053369,0.373835,-0.375185,-0.100260,0.477958,-0.629897,-0.157473,0.437721,-0.849929,-0.214457,0.310833,-0.913591,-0.054116,0.445328,-1.264213,-0.142885,0.525266,-1.483169,-0.191256,0.579444,-1.692817,-0.221390,0.178509,-0.980600,-0.080980,0.357999,-1.018990,-0.221652,0.337734,-0.664311,-0.245820,0.277079,-0.505923,-0.227366,0.053992,-0.961285,-0.116439,0.232030,-0.871355,-0.255008,0.205335,-0.563107,-0.221938,0.146247,-0.462648,-0.162626,-0.071937,-0.888475,-0.156870,0.096528,-0.819103,-0.238906,0.109782,-0.594491,-0.202946,0.067034,-0.515627,-0.153001
sign_1,0.000000,0.000000,0.000000,0.192913,-0.116792,-0.063500,0.384594,-0.357534,-0.111280,0.497719,-0.614029,-0.166710,0.459911,-0.831483,-0.220542,0.326347,-0.910723,-0.059488,0.469954,-1.261757,-0.151027,0.553345,-1.486834,-0.202550,0.611088,-1.706532,-0.235880,0.200626,-0.976164,-0.082789,0.378860,-1.025520,-0.231309,0.354613,-0.665104,-0.258334,0.294458,-0.496025,-0.239864,0.078354,-0.963288,-0.115472,0.248358,-0.896471,-0.258453,0.212209,-0.582555,-0.223161,0.149862,-0.480109,-0.160923,-0.044996,-0.898634,-0.154271,0.114909,-0.843471,-0.238041,0.114351,-0.619048,-0.200242,0.062702,-0.546275,-0.148593
sign_1,0.000000,0.000000,0.000000,0.196564,-0.124368,-0.058821,0.381589,-0.358890,-0.105994,0.493751,-0.614396,-0.161919,0.454309,-0.837839,-0.216779,0.324353,-0.903644,-0.056823,0.463024,-1.239623,-0.147269,0.542505,-1.459867,-0.199033,0.599568,-1.674211,-0.233189,0.198410,-0.976715,-0.081618,0.372268,-0.998649,-0.226494,0.348454,-0.652807,-0.255272,0.289705,-0.484915,-0.240145,0.076398,-0.962974,-0.115327,0.244496,-0.870289,-0.254132,0.215113,-0.568221,-0.222497,0.158896,-0.458899,-0.164601,-0.045432,-0.892580,-0.155056,0.110922,-0.811996,-0.237968,0.121117,-0.593193,-0.205122,0.081474,-0.514936,-0.157591
sign_1,0.000000,0.000000,0.000000,0.207644,-0.171793,-0.044128,0.383391,-0.445487,-0.079907,0.486919,-0.719494,-0.129940,0.439326,-0.937498,-0.180685,0.306082,-0.935685,-0.011345,0.437278,-1.279891,-0.092821,0.513476,-1.499121,-0.139473,0.562868,-1.718627,-0.171173,0.188153,-0.981162,-0.043807,0.354075,-1.103535,-0.181271,0.334210,-0.738626,-0.207741,0.271178,-0.593184,-0.190476,0.070803,-0.962157,-0.086647,0.235684,-0.987728,-0.231324,0.210483,-0.651849,-0.196062,0.142984,-0.546306,-0.132641,-0.058653,-0.899402,-0.133266,0.099366,-0.919950,-0.223295,0.110024,-0.681103,-0.184234,0.056911,-0.595239,-0.131252
sign_1,0.000000,0.000000,0.000000,0.169458,-0.155363,-0.069680,0.329331,-0.458840,-0.121725,0.400637,-0.742907,-0.178062,0.308083,-0.908629,-0.235694,0.224657,-0.980891,-0.098567,0.327538,-1.419690,-0.189524,0.383693,-1.697713,-0.244497,0.417324,-1.946030,-0.282553,0.069174,-0.990341,-0.120162,0.198475,-1.065471,-0.270009,0.215622,-0.726711,-0.297143,0.189147,-0.500281,-0.284294,-0.069434,-0.909108,-0.148591,0.069947,-0.891304,-0.279895,0.095938,-0.603123,-0.239732,0.076776,-0.435102,-0.181864,-0.197071,-0.769930,-0.184983,-0.066623,-0.776517,-0.264106,-0.016708,-0.573336,-0.225802,-0.017871,-0.449373,-0.177051
sign_1,0.000000,0.000000,0.000000,0.188220,-0.182298,-0.064312,0.348878,-0.474640,-0.112380,0.426760,-0.757483,-0.168166,0.348297,-0.940926,-0.223068,0.255669,-0.967929,-0.060763,0.349715,-1.371530,-0.147841,0.405782,-1.622075,-0.203394,0.438402,-1.849612,-0.241736,0.129261,-0.988086,-0.083528,0.250506,-1.103710,-0.227260,0.272096,-0.782817,-0.261516,0.245870,-0.576635,-0.253108,0.003701,-0.929097,-0.115315,0.137654,-0.969213,-0.245893,0.163719,-0.683969,-0.216355,0.139572,-0.518891,-0.163535,-0.121461,-0.820683,-0.154569,0.006802,-0.840894,-0.233959,0.054099,-0.652699,-0.204658,0.043384,-0.537924,-0.161797
sign_1,0.000000,0.000000,0.000000,0.194002,-0.202021,-0.054961,0.348366,-0.504505,-0.097080,0.428217,-0.788515,-0.149959,0.366960,-0.976229,-0.201502,0.248261,-0.967047,-0.037602,0.349670,-1.344301,-0.124509,0.406955,-1.584772,-0.174613,0.438104,-1.810687,-0.207806,0.127423,-0.989778,-0.064050,0.283079,-1.103487,-0.207408,0.293377,-0.766286,-0.236680,0.245773,-0.595670,-0.221674,0.015975,-0.944264,-0.100634,0.182367,-0.954361,-0.239987,0.182252,-0.651753,-0.209575,0.127890,-0.531530,-0.151694,-0.091957,-0.852758,-0.143114,0.064472,-0.851339,-0.226234,0.087553,-0.648477,-0.194825,0.042182,-0.567452,-0.149007
sign_1,0.000000,0.000000,0.000000,0.187584,-0.193081,-0.045954,0.338916,-0.479323,-0.088446,0.422402,-0.746415,-0.143785,0.382240,-0.958634,-0.197715,0.262397,-0.959545,-0.031929,0.358909,-1.321890,-0.114026,0.411276,-1.547978,-0.158504,0.437697,-1.757398,-0.187971,0.142713,-0.987817,-0.062059,0.292723,-1.092820,-0.193465,0.301291,-0.747041,-0.214127,0.255388,-0.598154,-0.196557,0.030133,-0.947669,-0.101968,0.188326,-0.956391,-0.235675,0.190839,-0.645670,-0.198485,0.138347,-0.536494,-0.138997,-0.085024,-0.858797,-0.146886,0.068269,-0.859126,-0.230007,0.094997,-0.645360,-0.194135,0.051024,-0.564754,-0.146048
sign_1,0.000000,0.000000,0.000000,0.196211,-0.203180,-0.048079,0.356777,-0.503228,-0.085634,0.439821,-0.790461,-0.136979,0.388632,-1.032130,-0.188200,0.257515,-0.976546,-0.025652,0.361619,-1.392492,-0.108700,0.420663,-1.624215,-0.154040,0.450853,-1.850566,-0.183807,0.137749,-0.988977,-0.054309,0.300310,-1.126521,-0.193823,0.306841,-0.782516,-0.223369,0.251782,-0.636485,-0.210570,0.023976,-0.940190,-0.093027,0.193283,-0.983915,-0.237404,0.191464,-0.667466,-0.206555,0.128747,-0.564780,-0.148862,-0.096390,-0.847438,-0.135649,0.066755,-0.886134,-0.226411,0.089751,-0.668357,-0.191588,0.034327,-0.587913,-0.142845
sign_1,0.000000,0.000000,0.000000,0.184697,-0.192249,-0.053149,0.338477,-0.497058,-0.092290,0.418532,-0.786128,-0.141900,0.367067,-1.021326,-0.192445,0.242914,-0.969572,-0.040026,0.341158,-1.358446,-0.125261,0.397315,-1.589928,-0.178102,0.428854,-1.817207,-0.213935,0.122720,-0.990283,-0.065421,0.272415,-1.115860,-0.204285,0.286759,-0.776953,-0.238683,0.239831,-0.608258,-0.230623,0.005722,-0.940267,-0.099751,0.161175,-0.996393,-0.240081,0.173114,-0.683711,-0.211351,0.124954,-0.549685,-0.156308,-0.117123,-0.843264,-0.138306,0.034883,-0.895258,-0.229121,0.075317,-0.673332,-0.195617,0.042433,-0.562033,-0.147227
sign_1,0.000000,0.000000,0.000000,0.206657,-0.135604,-0.071459,0.380275,-0.496535,-0.108168,0.417275,-0.821378,-0.150546,0.367101,-1.056641,-0.194199,0.234573,-0.988055,-0.066250,0.274539,-1.358490,-0.146576,0.320377,-1.511845,-0.200916,0.371857,-1.588996,-0.234853,0.092676,-0.992788,-0.076050,0.175695,-1.098722,-0.198624,0.237584,-0.839435,-0.245642,0.264460,-0.588536,-0.254529,-0.040357,-0.918528,-0.094983,0.047767,-0.967193,-0.214739,0.117956,-0.701756,-0.209445,0.144941,-0.450159,-0.179876,-0.169794,-0.789248,-0.120601,-0.070325,-0.834512,-0.209669,0.004817,-0.631905,-0.201706,0.038818,-0.433168,-0.175165
sign_1,0.000000,0.000000,0.000000,-0.183770,-0.168278,-0.031397,-0.323201,-0.574752,-0.029493,-0.377397,-0.920926,-0.047317,-0.420114,-1.191213,-0.062812,-0.221543,-0.957563,0.099816,-0.256884,-1.277905,0.053737,-0.293330,-1.483919,0.018083,-0.296162,-1.676024,-0.011646,-0.117132,-0.990728,0.068829,-0.189400,-1.344023,-0.040549,-0.249087,-1.071659,-0.077756,-0.232052,-0.819169,-0.065184,-0.003951,-0.975742,0.020782,-0.078736,-1.306709,-0.097942,-0.144446,-1.027728,-0.087784,-0.130463,-0.778968,-0.038608,0.125277,-0.918644,-0.031963,0.052301,-1.234807,-0.104572,-0.015066,-1.060086,-0.085279,-0.010012,-0.837213,-0.048690
sign_1,0.000000,0.000000,0.000000,-0.164517,-0.184964,-0.032000,-0.302050,-0.591316,-0.029554,-0.351445,-0.910121,-0.048356,-0.386648,-1.195812,-0.066160,-0.208000,-0.956175,0.090873,-0.239595,-1.304830,0.043780,-0.269148,-1.521306,0.013285,-0.269881,-1.724807,-0.008415,-0.109575,-0.992271,0.058231,-0.187544,-1.365303,-0.054237,-0.248380,-1.090350,-0.085665,-0.235820,-0.849735,-0.062967,-0.000678,-0.981619,0.008818,-0.079099,-1.327272,-0.110890,-0.140606,-1.024607,-0.096268,-0.122623,-0.780832,-0.038632,0.126381,-0.932136,-0.045358,0.049858,-1.244422,-0.117228,-0.016486,-1.064720,-0.095758,-0.015342,-0.852698,-0.053634
sign_1,0.000000,0.000000,0.000000,-0.175055,-0.198154,-0.028152,-0.309502,-0.596339,-0.026988,-0.350354,-0.918503,-0.047799,-0.382104,-1.200599,-0.068111,-0.214601,-0.962717,0.085048,-0.254240,-1.307821,0.038820,-0.282548,-1.522231,0.008549,-0.284918,-1.724977,-0.013507,-0.117190,-0.991796,0.051067,-0.194723,-1.352756,-0.058209,-0.246293,-1.069172,-0.088239,-0.232706,-0.825609,-0.067388,-0.007356,-0.974539,0.001322,-0.085020,-1.320865,-0.118466,-0.140965,-1.013959,-0.103531,-0.125398,-0.762463,-0.046890,0.120036,-0.919911,-0.052389,0.048925,-1.248599,-0.125832,-0.012761,-1.076766,-0.104635,-0.014987,-0.862839,-0.063285
sign_1,0.000000,0.000000,0.000000,-0.171987,-0.205694,-0.028764,-0.305533,-0.599638,-0.027328,-0.346904,-0.912729,-0.046369,-0.378637,-1.189784,-0.064267,-0.222327,-0.962624,0.082600,-0.260618,-1.309851,0.036060,-0.287134,-1.518727,0.004722,-0.290164,-1.717280,-0.017924,-0.123602,-0.991054,0.050343,-0.196910,-1.343447,-0.057182,-0.247458,-1.070240,-0.088599,-0.237624,-0.832554,-0.070225,-0.014391,-0.972270,0.002650,-0.086280,-1.306925,-0.112696,-0.138745,-1.007742,-0.097992,-0.123064,-0.759991,-0.043801,0.111484,-0.914357,-0.049497,0.044678,-1.227525,-0.120766,-0.015815,-1.055814,-0.100723,-0.018831,-0.845559,-0.061002
sign_1,0.000000,0.000000,0.000000,-0.166153,-0.194760,-0.030898,-0.299806,-0.596958,-0.030825,-0.340068,-0.916392,-0.050626,-0.369193,-1.194787,-0.069558,-0.217341,-0.965707,0.079933,-0.259420,-1.310596,0.033916,-0.286827,-1.522115,0.004023,-0.288047,-1.722277,-0.017998,-0.119879,-0.991622,0.048109,-0.198387,-1.335045,-0.059605,-0.242695,-1.050043,-0.088704,-0.225938,-0.813613,-0.068323,-0.011139,-0.970424,0.000641,-0.087164,-1.303311,-0.115664,-0.135270,-1.003911,-0.099444,-0.116027,-0.765003,-0.044368,0.113451,-0.910561,-0.051334,0.041551,-1.222394,-0.124040,-0.014951,-1.047350,-0.103865,-0.011993,-0.842878,-0.064181
sign_1,0.000000,0.000000,0.000000,-0.163204,-0.180811,-0.042095,-0.305602,-0.574373,-0.051689,-0.359715,-0.897613,-0.079180,-0.374314,-1.182791,-0.104859,-0.221903,-0.965787,0.061976,-0.265879,-1.330626,0.009896,-0.290678,-1.552803,-0.021107,-0.290569,-1.758770,-0.043832,-0.124206,-0.991642,0.034906,-0.206036,-1.334478,-0.078812,-0.246047,-1.040564,-0.106437,-0.226451,-0.813895,-0.085428,-0.014557,-0.970960,-0.008439,-0.089716,-1.317368,-0.130999,-0.137642,-1.009367,-0.112249,-0.119662,-0.771616,-0.055358,0.111007,-0.911279,-0.056978,0.038907,-1.220696,-0.135535,-0.017451,-1.041773,-0.117136,-0.015693,-0.840251,-0.078301
sign_1,0.000000,0.000000,0.000000,-0.165732,-0.162243,-0.046986,-0.304183,-0.561654,-0.060282,-0.351724,-0.890975,-0.088986,-0.370401,-1.173369,-0.115447,-0.219591,-0.982189,0.041904,-0.261020,-1.380465,-0.015652,-0.288105,-1.616350,-0.046266,-0.287086,-1.828230,-0.067484,-0.112211,-0.993575,0.014741,-0.183770,-1.339944,-0.109417,-0.230468,-1.028512,-0.136082,-0.210888,-0.794447,-0.110874,0.002175,-0.957938,-0.027733,-0.073945,-1.280247,-0.157961,-0.126352,-0.963879,-0.134296,-0.103940,-0.742023,-0.072536,0.129227,-0.880332,-0.075113,0.053096,-1.173757,-0.155652,-0.003911,-0.972542,-0.129155,0.009787,-0.774869,-0.083415
sign_1,0.000000,0.000000,0.000000,-0.164936,-0.180280,-0.044049,-0.293417,-0.567446,-0.061427,-0.335648,-0.877797,-0.093903,-0.350763,-1.153451,-0.123636,-0.203291,-0.997191,0.029499,-0.239423,-1.404216,-0.033514,-0.259822,-1.645260,-0.069580,-0.254738,-1.858086,-0.094817,-0.096556,-0.995328,-0.000010,-0.175001,-1.299058,-0.123727,-0.224096,-1.000366,-0.151839,-0.205687,-0.782802,-0.132356,0.019337,-0.946162,-0.043928,-0.059818,-1.233754,-0.166928,-0.114599,-0.936308,-0.140577,-0.092878,-0.738006,-0.082481,0.150220,-0.856865,-0.093197,0.068558,-1.102646,-0.165399,0.007896,-0.917635,-0.136556,0.020179,-0.753439,-0.092261
sign_1,0.000000,0.000000,0.000000,-0.156524,-0.154563,-0.061723,-0.291054,-0.518295,-0.097825,-0.332415,-0.820415,-0.142810,-0.297223,-1.075466,-0.185749,-0.197157,-1.020612,-0.023306,-0.233229,-1.451676,-0.109072,-0.247547,-1.737408,-0.164078,-0.247991,-1.979070,-0.202698,-0.078097,-0.995598,-0.051831,-0.161507,-1.277108,-0.195905,-0.194388,-0.957484,-0.228757,-0.176570,-0.741260,-0.211333,0.047217,-0.916319,-0.093625,-0.031500,-1.150714,-0.231642,-0.079705,-0.842434,-0.196799,-0.071716,-0.661896,-0.132974,0.180345,-0.785536,-0.142010,0.104049,-0.999629,-0.224868,0.051667,-0.782546,-0.185341,0.057313,-0.629790,-0.132175
sign_1,0.000000,0.000000,0.000000,-0.157818,-0.182663,-0.054965,-0.280966,-0.538620,-0.095337,-0.306381,-0.825484,-0.147375,-0.265690,-1.068893,-0.196410,-0.181343,-1.035898,-0.028808,-0.221310,-1.459416,-0.124783,-0.235761,-1.726683,-0.186902,-0.229831,-1.960340,-0.229661,-0.065738,-0.995957,-0.061227,-0.141854,-1.246917,-0.212225,-0.183060,-0.921886,-0.244373,-0.165975,-0.729288,-0.227811,0.051816,-0.905874,-0.107153,-0.032181,-1.107384,-0.241818,-0.079319,-0.790348,-0.197680,-0.056459,-0.632406,-0.130410,0.171081,-0.765996,-0.160515,0.094805,-0.962403,-0.231809,0.035385,-0.753443,-0.185366,0.047304,-0.633943,-0.130123
sign_1,0.000000,0.000000,0.000000,-0.161541,-0.176811,-0.048114,-0.294233,-0.530301,-0.088153,-0.322164,-0.817984,-0.140919,-0.275263,-1.057026,-0.190221,-0.196521,-1.040841,-0.022838,-0.235328,-1.466407,-0.116208,-0.243788,-1.726114,-0.172166,-0.229764,-1.954727,-0.210035,-0.081056,-0.995054,-0.057431,-0.155065,-1.253247,-0.203761,-0.185936,-0.904567,-0.227774,-0.161432,-0.733064,-0.205486,0.037991,-0.912053,-0.105333,-0.040048,-1.117783,-0.238209,-0.077896,-0.787798,-0.186755,-0.051018,-0.656333,-0.114755,0.158084,-0.784198,-0.159948,0.086930,-0.983175,-0.229229,0.037551,-0.756703,-0.176685,0.054754,-0.649889,-0.117296
sign_1,0.000000,0.000000,0.000000,-0.178602,-0.202020,-0.039959,-0.313720,-0.543246,-0.077513,-0.348499,-0.831045,-0.129688,-0.285104,-1.029789,-0.180328,-0.199912,-1.030464,-0.018374,-0.248946,-1.479408,-0.101348,-0.264658,-1.753714,-0.154411,-0.261859,-1.988540,-0.192661,-0.083583,-0.994828,-0.057714,-0.170044,-1.230453,-0.205656,-0.202958,-0.955240,-0.242329,-0.188237,-0.761234,-0.229085,0.029946,-0.910429,-0.107054,-0.077121,-1.062645,-0.231198,-0.105717,-0.787442,-0.194525,-0.082317,-0.639993,-0.135470,0.142177,-0.774697,-0.163032,0.034300,-0.895821,-0.224491,-0.007090,-0.695380,-0.180906,0.013407,-0.584752,-0.130158
sign_1,0.000000,0.000000,0.000000,-0.193037,-0.199441,-0.029800,-0.321191,-0.488166,-0.066135,-0.379108,-0.726733,-0.116172,-0.373803,-0.924600,-0.164978,-0.182747,-1.005542,-0.017408,-0.242163,-1.376396,-0.086358,-0.275940,-1.605309,-0.131511,-0.291577,-1.806291,-0.165060,-0.075766,-0.995712,-0.053087,-0.256800,-1.054042,-0.164691,-0.296286,-0.819111,-0.187916,-0.259965,-0.681054,-0.180461,0.006381,-0.910572,-0.097693,-0.188226,-0.886055,-0.195174,-0.209520,-0.660846,-0.158977,-0.161534,-0.562815,-0.112916,0.068638,-0.773601,-0.149441,-0.098569,-0.745554,-0.205512,-0.127168,-0.565799,-0.171404,-0.088893,-0.470111,-0.130111
sign_1,0.000000,0.000000,0.000000,-0.203372,-0.199024,-0.031647,-0.325649,-0.481301,-0.066729,-0.396840,-0.724772,-0.117194,-0.402472,-0.931783,-0.164097,-0.188057,-1.002126,0.013355,-0.241980,-1.338590,-0.054844,-0.275468,-1.553348,-0.096612,-0.285127,-1.745307,-0.126894,-0.093949,-0.995327,-0.022291,-0.284067,-1.119465,-0.140218,-0.329150,-0.858334,-0.164278,-0.295076,-0.711687,-0.149562,-0.019382,-0.925305,-0.069709,-0.219873,-0.911526,-0.175377,-0.233753,-0.666732,-0.142564,-0.179903,-0.576868,-0.091991,0.032962,-0.800332,-0.124520,-0.136877,-0.762700,-0.181825,-0.148915,-0.584403,-0.151586,-0.096084,-0.511854,-0.111377
sign_1,0.000000,0.000000,0.000000,-0.169689,-0.183684,-0.028755,-0.289864,-0.485433,-0.058372,-0.356285,-0.725814,-0.103085,-0.368425,-0.908261,-0.144765,-0.147098,-1.007046,0.009636,-0.192392,-1.360664,-0.055859,-0.225730,-1.589464,-0.094655,-0.245612,-1.782721,-0.124757,-0.045291,-0.998575,-0.028215,-0.239607,-1.068056,-0.137774,-0.271139,-0.811014,-0.157101,-0.228933,-0.694180,-0.142849,0.038725,-0.910870,-0.077179,-0.164639,-0.864771,-0.179662,-0.170887,-0.628970,-0.143212,-0.114122,-0.561882,-0.092774,0.100047,-0.762118,-0.133259,-0.074482,-0.722889,-0.191943,-0.087901,-0.545797,-0.159141,-0.037237,-0.485332,-0.117555
sign_1,0.000000,0.000000,0.000000,-0.183169,-0.192120,-0.039779,-0.297042,-0.485447,-0.079605,-0.360902,-0.711844,-0.130375,-0.374346,-0.926311,-0.176213,-0.146974,-1.015440,-0.024900,-0.197620,-1.397867,-0.104236,-0.227716,-1.632542,-0.148685,-0.243057,-1.832741,-0.181140,-0.039220,-0.997537,-0.058158,-0.241955,-1.102566,-0.183715,-0.276366,-0.815259,-0.202369,-0.232823,-0.670922,-0.184813,0.042916,-0.900869,-0.102469,-0.170937,-0.864591,-0.213990,-0.179834,-0.604287,-0.172466,-0.120496,-0.525673,-0.116834,0.097630,-0.747411,-0.154385,-0.078664,-0.733656,-0.215388,-0.097669,-0.552228,-0.178827,-0.050248,-0.485910,-0.133738
sign_1,0.000000,0.000000,0.000000,-0.191844,-0.197902,-0.038364,-0.312485,-0.478219,-0.080155,-0.379329,-0.712739,-0.133410,-0.393428,-0.926213,-0.182272,-0.163174,-1.008455,-0.023081,-0.217912,-1.387195,-0.103105,-0.248489,-1.625206,-0.149123,-0.263002,-1.822821,-0.181346,-0.059539,-0.996629,-0.056447,-0.272917,-1.099278,-0.184883,-0.316416,-0.818829,-0.205377,-0.281317,-0.660717,-0.187080,0.016062,-0.908201,-0.100558,-0.208528,-0.857876,-0.212662,-0.214006,-0.604513,-0.173230,-0.157834,-0.512351,-0.117965,0.063652,-0.761837,-0.152183,-0.121930,-0.705249,-0.215142,-0.130798,-0.527542,-0.182031,-0.079218,-0.462320,-0.138242
sign_1,0.000000,0.000000,0.000000,-0.243238,-0.253090,0.008423,-0.374954,-0.549036,-0.030628,-0.478342,-0.737042,-0.085257,-0.569351,-0.882627,-0.140260,-0.195198,-1.070433,-0.033252,-0.292204,-1.441796,-0.100768,-0.349109,-1.688438,-0.148530,-0.389373,-1.906456,-0.188844,-0.156722,-0.983622,-0.089030,-0.458771,-1.017923,-0.183667,-0.479979,-0.801183,-0.199500,-0.419582,-0.696031,-0.201148,-0.160910,-0.810802,-0.145812,-0.449305,-0.747887,-0.215301,-0.437068,-0.570971,-0.168664,-0.368683,-0.528580,-0.132435,-0.192470,-0.602145,-0.206633,-0.411680,-0.562772,-0.245723,-0.410789,-0.427521,-0.204896,-0.358280,-0.383958,-0.168002
sign_1,0.000000,0.000000,0.000000,0.013529,-0.452739,0.029433,-0.091700,-0.816838,0.016409,-0.233945,-0.923601,-0.011187,-0.365470,-0.885170,-0.047525,-0.127714,-1.086304,-0.034959,-0.221996,-1.534193,-0.090502,-0.287888,-1.798669,-0.118378,-0.345730,-2.007622,-0.139052,-0.224905,-0.971203,-0.078632,-0.444664,-1.073552,-0.143101,-0.421366,-0.896431,-0.136933,-0.345944,-0.823486,-0.123938,-0.320295,-0.781090,-0.118744,-0.489608,-0.806774,-0.166208,-0.449607,-0.665899,-0.124310,-0.379669,-0.624537,-0.090017,-0.404552,-0.571041,-0.158288,-0.516638,-0.588330,-0.179691,-0.470730,-0.465273,-0.138964,-0.409409,-0.413858,-0.101320
sign_1,0.000000,0.000000,0.000000,0.031543,-0.486079,0.026803,-0.073586,-0.856899,0.014346,-0.206965,-0.975483,-0.008867,-0.332377,-0.952958,-0.041262,-0.130811,-1.102228,-0.045427,-0.212404,-1.579365,-0.088739,-0.263604,-1.869827,-0.113047,-0.313692,-2.086395,-0.130077,-0.267025,-0.960392,-0.079657,-0.419918,-1.152686,-0.121955,-0.378685,-1.015303,-0.115001,-0.315158,-0.901234,-0.103695,-0.373716,-0.742205,-0.106813,-0.463280,-0.851738,-0.126992,-0.408378,-0.749060,-0.086899,-0.354072,-0.658310,-0.058127,-0.450638,-0.508522,-0.132878,-0.493687,-0.626900,-0.129089,-0.435587,-0.545734,-0.081312,-0.388125,-0.466457,-0.041298
sign_1,0.000000,0.000000,0.000000,0.027845,-0.492570,0.033327,-0.077260,-0.854732,0.020745,-0.213964,-0.968321,-0.002095,-0.338891,-0.940876,-0.034461,-0.134697,-1.096852,-0.054440,-0.206592,-1.593626,-0.093776,-0.258849,-1.886994,-0.110302,-0.308831,-2.104999,-0.120878,-0.279287,-0.956097,-0.088756,-0.423759,-1.182206,-0.120444,-0.382478,-1.035744,-0.101441,-0.319582,-0.910013,-0.083408,-0.390055,-0.738194,-0.114262,-0.479276,-0.858802,-0.128214,-0.421519,-0.744759,-0.082628,-0.364407,-0.646939,-0.050922,-0.470903,-0.507375,-0.137169,-0.525215,-0.638792,-0.127776,-0.462843,-0.553408,-0.074326,-0.411033,-0.469979,-0.030650
sign_1,0.000000,0.000000,0.000000,0.032184,-0.487672,0.011206,-0.066393,-0.847035,-0.008462,-0.206806,-0.995868,-0.030042,-0.328158,-1.000512,-0.057449,-0.139362,-1.095729,-0.080565,-0.208335,-1.602307,-0.118616,-0.263632,-1.900679,-0.132767,-0.320315,-2.120532,-0.143353,-0.296858,-0.949452,-0.102061,-0.429469,-1.245139,-0.128082,-0.370514,-1.123735,-0.105258,-0.302309,-1.000183,-0.086668,-0.404411,-0.734598,-0.115036,-0.468571,-0.914966,-0.121432,-0.399372,-0.815633,-0.073486,-0.345604,-0.705215,-0.044197,-0.478802,-0.507953,-0.127683,-0.513754,-0.668374,-0.118060,-0.445328,-0.595019,-0.069280,-0.395965,-0.510659,-0.030849
sign_1,0.000000,0.000000,0.000000,0.047928,-0.504227,0.012903,-0.047873,-0.895361,-0.001567,-0.186571,-1.062901,-0.017022,-0.312158,-1.073931,-0.038522,-0.127132,-1.104449,-0.077566,-0.191798,-1.642910,-0.111326,-0.251181,-1.949984,-0.122017,-0.313027,-2.173627,-0.130160,-0.288439,-0.952670,-0.096038,-0.413232,-1.294211,-0.120445,-0.352295,-1.176969,-0.096769,-0.283381,-1.036638,-0.076708,-0.396981,-0.740564,-0.105412,-0.463674,-0.983093,-0.105415,-0.394712,-0.895995,-0.054260,-0.340741,-0.772933,-0.023983,-0.469169,-0.525874,-0.114272,-0.501406,-0.735129,-0.099517,-0.434900,-0.665494,-0.048564,-0.389989,-0.570801,-0.009678
sign_1,0.000000,0.000000,0.000000,0.036234,-0.490141,0.028789,-0.063548,-0.870951,0.016879,-0.202759,-1.031283,-0.000693,-0.328502,-1.035423,-0.026419,-0.126259,-1.100198,-0.067527,-0.211297,-1.623422,-0.100186,-0.270112,-1.919045,-0.109047,-0.325662,-2.137795,-0.114985,-0.277117,-0.956207,-0.094208,-0.427022,-1.247932,-0.118365,-0.377550,-1.112503,-0.093254,-0.309450,-0.978397,-0.072026,-0.386410,-0.744218,-0.110636,-0.479834,-0.917042,-0.110574,-0.416306,-0.817398,-0.060990,-0.355816,-0.710885,-0.031552,-0.463718,-0.523419,-0.125063,-0.512644,-0.661337,-0.107363,-0.446601,-0.585678,-0.056013,-0.392248,-0.503601,-0.016681
sign_1,0.000000,0.000000,0.000000,0.025648,-0.483014,0.021001,-0.078775,-0.858153,0.006975,-0.217940,-0.998728,-0.012710,-0.342884,-0.990112,-0.040057,-0.142654,-1.098153,-0.064149,-0.228549,-1.590727,-0.103630,-0.291680,-1.885293,-0.123016,-0.352809,-2.108303,-0.137633,-0.294882,-0.951101,-0.091933,-0.444725,-1.228652,-0.124506,-0.394390,-1.097050,-0.108023,-0.327987,-0.966352,-0.092481,-0.403417,-0.735205,-0.111323,-0.501105,-0.923311,-0.119488,-0.435333,-0.828429,-0.072128,-0.374506,-0.723599,-0.043167,-0.476293,-0.506583,-0.130012,-0.527320,-0.658708,-0.119644,-0.463187,-0.588362,-0.070401,-0.410534,-0.508626,-0.032527
sign_1,0.000000,0.000000,0.000000,0.039550,-0.504012,0.024448,-0.058837,-0.878114,0.013068,-0.197967,-1.023005,-0.002561,-0.326496,-1.023905,-0.024895,-0.138206,-1.098994,-0.065088,-0.226300,-1.614729,-0.092200,-0.292668,-1.910454,-0.100584,-0.359781,-2.128137,-0.108247,-0.296045,-0.950870,-0.090574,-0.435041,-1.294014,-0.109524,-0.373562,-1.180488,-0.085948,-0.307284,-1.042976,-0.068496,-0.404678,-0.742052,-0.105864,-0.497910,-1.015091,-0.101764,-0.428928,-0.936440,-0.050375,-0.371300,-0.815065,-0.022117,-0.475371,-0.530878,-0.119612,-0.530565,-0.769759,-0.100575,-0.464509,-0.721674,-0.046604,-0.414014,-0.628259,-0.007748
sign_1,0.000000,0.000000,0.000000,-0.083977,-0.417390,-0.016461,-0.221804,-0.813322,-0.033872,-0.368612,-0.966156,-0.057825,-0.480558,-0.977439,-0.082533,-0.124115,-1.104553,-0.020317,-0.242773,-1.512798,-0.076730,-0.312865,-1.753880,-0.109703,-0.362310,-1.964633,-0.135786,-0.146322,-0.988258,-0.044000,-0.438091,-1.091202,-0.133663,-0.468277,-0.902865,-0.159591,-0.420520,-0.815395,-0.162958,-0.188725,-0.808038,-0.070603,-0.462947,-0.899771,-0.170367,-0.456742,-0.724012,-0.160117,-0.384919,-0.642822,-0.129219,-0.238457,-0.612142,-0.097055,-0.448125,-0.650072,-0.175081,-0.430503,-0.524865,-0.167641,-0.361239,-0.455620,-0.142727
sign_1,0.000000,0.000000,0.000000,-0.168968,-0.235863,-0.026049,-0.268136,-0.553466,-0.059671,-0.306808,-0.807463,-0.109347,-0.297435,-1.013865,-0.156555,-0.111837,-1.022987,-0.001248,-0.143369,-1.387994,-0.071091,-0.167483,-1.620110,-0.112358,-0.177334,-1.821698,-0.143084,-0.004915,-0.999139,-0.041190,-0.182445,-1.098743,-0.156826,-0.222593,-0.830819,-0.174017,-0.181407,-0.687770,-0.157804,0.074439,-0.901016,-0.091500,-0.119506,-0.908959,-0.194950,-0.142458,-0.663885,-0.151612,-0.092502,-0.560807,-0.096323,0.127837,-0.753581,-0.148807,-0.038491,-0.771596,-0.203493,-0.068908,-0.597149,-0.163833,-0.028814,-0.508354,-0.117894
sign_1,0.000000,0.000000,0.000000,-0.176706,-0.199910,-0.053958,-0.310170,-0.582483,-0.086049,-0.317820,-0.927408,-0.130846,-0.245019,-1.156181,-0.172272,-0.230978,-1.026621,-0.017897,-0.268612,-1.475882,-0.095962,-0.272973,-1.737046,-0.139738,-0.260831,-1.965924,-0.168032,-0.096804,-0.994151,-0.047893,-0.150509,-1.328843,-0.190538,-0.174799,-1.080634,-0.225297,-0.170792,-0.871477,-0.206868,0.040002,-0.919420,-0.089476,-0.023835,-1.094915,-0.227685,-0.054482,-0.780517,-0.201343,-0.051572,-0.578142,-0.138224,0.180111,-0.813878,-0.136619,0.123253,-1.033142,-0.205243,0.074004,-0.837508,-0.164809,0.059452,-0.679537,-0.112215
sign_1,0.000000,0.000000,0.000000,-0.166590,-0.190641,-0.056543,-0.285966,-0.554218,-0.096865,-0.283806,-0.877380,-0.147969,-0.212013,-1.100426,-0.196156,-0.225313,-1.020513,-0.040256,-0.286044,-1.477537,-0.131442,-0.303927,-1.768093,-0.186121,-0.302334,-2.019419,-0.222447,-0.087349,-0.993400,-0.074336,-0.128445,-1.304607,-0.228392,-0.155285,-1.006578,-0.262561,-0.150883,-0.775959,-0.241757,0.050943,-0.910204,-0.119318,-0.006009,-1.063840,-0.258374,-0.047205,-0.746307,-0.222490,-0.045642,-0.561157,-0.155138,0.188293,-0.783132,-0.170629,0.127563,-0.964514,-0.238571,0.071163,-0.748260,-0.189668,0.059279,-0.602283,-0.131862
sign_1,0.000000,0.000000,0.000000,-0.154635,-0.174721,-0.076383,-0.279805,-0.522692,-0.124289,-0.267671,-0.839280,-0.177682,-0.187660,-1.077613,-0.225605,-0.227022,-1.021932,-0.060102,-0.282515,-1.471815,-0.151273,-0.299980,-1.737497,-0.200365,-0.300603,-1.974367,-0.233314,-0.087151,-0.992876,-0.081255,-0.122973,-1.257034,-0.234223,-0.143689,-0.918885,-0.257898,-0.132158,-0.707016,-0.231576,0.048388,-0.906612,-0.116056,-0.003571,-1.038065,-0.260286,-0.042286,-0.705040,-0.223068,-0.037216,-0.547946,-0.155030,0.182459,-0.782692,-0.158297,0.137065,-0.958724,-0.233602,0.079461,-0.738446,-0.191203,0.062227,-0.610617,-0.137601
sign_1,0.000000,0.000000,0.000000,-0.154429,-0.162948,-0.079991,-0.281451,-0.515739,-0.129282,-0.272327,-0.841586,-0.184351,-0.188974,-1.074038,-0.233038,-0.230640,-1.025030,-0.059570,-0.285618,-1.489255,-0.151036,-0.301885,-1.754157,-0.196462,-0.299001,-1.991180,-0.225756,-0.092729,-0.992524,-0.079352,-0.126453,-1.262216,-0.237973,-0.144630,-0.920933,-0.261850,-0.129391,-0.717933,-0.232603,0.041183,-0.907895,-0.113024,-0.003531,-1.038558,-0.263431,-0.038832,-0.697375,-0.226095,-0.031999,-0.543243,-0.154789,0.173087,-0.784778,-0.154290,0.131437,-0.945888,-0.232624,0.079218,-0.718577,-0.190287,0.067162,-0.594673,-0.134621
sign_1,0.000000,0.000000,0.000000,-0.154639,-0.171210,-0.079804,-0.282954,-0.523995,-0.127802,-0.272082,-0.847219,-0.180897,-0.188760,-1.076741,-0.227583,-0.221544,-1.032609,-0.066814,-0.273582,-1.489680,-0.155691,-0.289408,-1.751453,-0.199803,-0.290558,-1.985109,-0.229362,-0.080563,-0.992989,-0.086504,-0.114083,-1.252966,-0.238144,-0.136922,-0.909697,-0.256834,-0.128410,-0.707430,-0.227168,0.053446,-0.893864,-0.119913,0.009308,-1.017514,-0.263376,-0.029895,-0.683395,-0.223107,-0.028290,-0.537926,-0.153142,0.182861,-0.755601,-0.161181,0.147800,-0.938928,-0.234927,0.087613,-0.721704,-0.190732,0.065251,-0.599647,-0.136084
sign_1,0.000000,0.000000,0.000000,-0.172180,-0.198362,-0.036580,-0.304696,-0.544426,-0.072146,-0.321886,-0.841513,-0.122879,-0.253081,-0.992767,-0.172778,-0.184369,-1.041552,-0.035829,-0.232566,-1.508838,-0.118230,-0.253883,-1.785027,-0.166434,-0.256110,-2.023739,-0.201545,-0.051702,-0.995570,-0.078527,-0.141105,-1.207271,-0.229967,-0.183237,-0.924392,-0.262117,-0.168161,-0.733758,-0.244361,0.073225,-0.893567,-0.129399,-0.032080,-0.970345,-0.254592,-0.063351,-0.694348,-0.215146,-0.034451,-0.568587,-0.153600,0.195123,-0.749073,-0.186853,0.093270,-0.834284,-0.243466,0.040245,-0.635911,-0.195762,0.056457,-0.541108,-0.142685
sign_1,0.000000,0.000000,0.000000,-0.226116,-0.302279,-0.016045,-0.349382,-0.565783,-0.073123,-0.437045,-0.774083,-0.144594,-0.460927,-0.935275,-0.212852,-0.130667,-1.059143,-0.043246,-0.201207,-1.444831,-0.130688,-0.250040,-1.693135,-0.184891,-0.279325,-1.904334,-0.226936,-0.045128,-0.994482,-0.094709,-0.336426,-1.089001,-0.217581,-0.361705,-0.834204,-0.229968,-0.288582,-0.716024,-0.218765,-0.012093,-0.857894,-0.154505,-0.314273,-0.856306,-0.253058,-0.317223,-0.650808,-0.200089,-0.239592,-0.596938,-0.149742,-0.024401,-0.674496,-0.220800,-0.268365,-0.661771,-0.277784,-0.272670,-0.504897,-0.238909,-0.207349,-0.449625,-0.198911
sign_1,0.000000,0.000000,0.000000,-0.047519,-0.438252,0.057739,-0.172086,-0.824004,0.043189,-0.328277,-0.982981,0.006751,-0.465883,-1.007773,-0.039400,-0.137189,-1.091468,-0.017610,-0.248882,-1.522217,-0.073583,-0.321682,-1.791936,-0.103175,-0.374540,-2.017237,-0.128988,-0.168277,-0.982015,-0.085614,-0.499568,-1.122794,-0.159503,-0.506540,-0.909355,-0.146782,-0.424904,-0.797334,-0.131549,-0.227080,-0.796911,-0.149378,-0.523629,-0.860698,-0.203455,-0.492894,-0.691474,-0.146321,-0.403158,-0.626911,-0.105497,-0.288814,-0.595250,-0.210980,-0.507600,-0.660004,-0.243446,-0.477651,-0.516750,-0.199294,-0.403300,-0.439181,-0.162390
sign_1,0.000000,0.000000,0.000000,0.017252,-0.486952,0.053576,-0.086421,-0.847901,0.046545,-0.236136,-0.995983,0.023942,-0.372551,-0.999866,-0.009743,-0.112810,-1.114825,-0.034925,-0.201211,-1.604756,-0.070949,-0.258117,-1.889786,-0.085316,-0.310881,-2.108380,-0.096694,-0.228278,-0.970143,-0.081930,-0.443426,-1.159426,-0.118062,-0.420705,-0.989125,-0.097322,-0.353535,-0.872907,-0.079088,-0.333515,-0.758198,-0.119459,-0.488448,-0.847477,-0.135005,-0.439629,-0.728217,-0.085132,-0.374932,-0.652271,-0.052263,-0.421009,-0.535769,-0.153507,-0.526700,-0.650560,-0.146928,-0.478223,-0.548682,-0.093714,-0.420787,-0.469210,-0.051503
sign_1,0.000000,0.000000,0.000000,0.026083,-0.482905,0.034470,-0.079775,-0.855799,0.031742,-0.217836,-0.998425,0.018178,-0.340095,-1.014895,-0.002753,-0.126363,-1.089545,-0.026214,-0.193238,-1.586458,-0.055961,-0.243725,-1.874684,-0.067222,-0.295007,-2.087004,-0.075096,-0.253313,-0.965543,-0.059666,-0.395668,-1.186874,-0.087880,-0.357768,-1.038247,-0.070451,-0.298427,-0.924658,-0.052694,-0.358876,-0.770735,-0.086121,-0.456537,-0.898807,-0.095395,-0.407224,-0.780542,-0.049855,-0.356519,-0.695337,-0.019105,-0.440975,-0.561443,-0.110765,-0.508639,-0.703072,-0.097927,-0.456731,-0.606908,-0.045234,-0.410202,-0.520826,-0.003228
sign_1,0.000000,0.000000,0.000000,0.021119,-0.481454,0.026898,-0.086235,-0.825755,0.020131,-0.227500,-0.938864,0.003666,-0.349396,-0.920885,-0.019419,-0.147191,-1.088103,-0.020166,-0.212790,-1.557308,-0.046245,-0.261517,-1.831781,-0.057571,-0.312809,-2.034708,-0.066146,-0.278881,-0.959002,-0.050413,-0.415150,-1.186698,-0.076121,-0.369057,-1.054096,-0.062441,-0.310431,-0.941825,-0.046687,-0.381351,-0.757119,-0.074256,-0.456894,-0.894083,-0.086612,-0.397182,-0.781371,-0.048052,-0.347548,-0.682373,-0.019253,-0.458700,-0.540369,-0.096453,-0.509376,-0.683644,-0.086947,-0.449639,-0.599199,-0.038034,-0.402879,-0.510178,0.003065
sign_1,0.000000,0.000000,0.000000,0.026999,-0.490237,0.026256,-0.072918,-0.846075,0.016056,-0.212356,-0.977463,-0.002171,-0.338074,-0.972515,-0.027523,-0.139814,-1.094868,-0.036292,-0.217233,-1.567533,-0.065902,-0.270287,-1.844951,-0.079318,-0.319973,-2.051881,-0.088941,-0.280294,-0.957704,-0.065107,-0.421154,-1.203532,-0.091725,-0.374357,-1.067103,-0.076008,-0.309331,-0.944730,-0.059614,-0.387819,-0.751691,-0.086400,-0.469958,-0.918029,-0.095630,-0.410622,-0.810264,-0.052912,-0.354039,-0.703686,-0.023461,-0.466556,-0.533481,-0.106056,-0.518358,-0.694673,-0.095708,-0.456938,-0.614453,-0.045396,-0.404883,-0.520175,-0.003987
sign_1,0.000000,0.000000,0.000000,-0.041145,-0.423670,0.029908,-0.152863,-0.801301,0.012924,-0.293803,-0.980324,-0.018409,-0.424516,-1.009086,-0.056910,-0.153237,-1.101427,-0.036741,-0.282844,-1.532258,-0.105906,-0.361717,-1.803478,-0.142179,-0.417504,-2.024718,-0.166469,-0.183726,-0.978972,-0.088654,-0.505616,-1.095715,-0.176806,-0.522705,-0.895660,-0.176592,-0.459478,-0.789564,-0.162289,-0.235171,-0.774548,-0.138542,-0.514553,-0.820513,-0.215332,-0.494509,-0.664755,-0.171756,-0.416361,-0.611049,-0.126584,-0.291789,-0.555081,-0.186657,-0.513315,-0.622894,-0.232258,-0.497914,-0.506368,-0.193432,-0.433942,-0.441291,-0.152301
sign_1,0.000000,0.000000,0.000000,-0.159975,-0.218300,-0.027610,-0.269756,-0.535208,-0.061793,-0.311633,-0.790582,-0.110073,-0.275706,-0.964746,-0.157874,-0.117335,-1.018003,-0.021951,-0.161211,-1.406540,-0.098345,-0.180751,-1.652213,-0.146703,-0.186835,-1.865656,-0.184328,0.003620,-0.998059,-0.062175,-0.166094,-1.049131,-0.182033,-0.204690,-0.799818,-0.201883,-0.172602,-0.682236,-0.191264,0.098793,-0.893591,-0.111807,-0.090602,-0.844671,-0.218102,-0.112208,-0.615141,-0.175584,-0.067098,-0.549654,-0.124456,0.170752,-0.739826,-0.168306,0.000132,-0.704358,-0.228606,-0.027280,-0.522528,-0.189872,0.013553,-0.463598,-0.146068
sign_1,0.000000,0.000000,0.000000,-0.164127,-0.198934,-0.059766,-0.295885,-0.574447,-0.101817,-0.300770,-0.909197,-0.155421,-0.213247,-1.125362,-0.205210,-0.198943,-1.039634,-0.041256,-0.236059,-1.526108,-0.129859,-0.238345,-1.806320,-0.178362,-0.221547,-2.051502,-0.211681,-0.064053,-0.995306,-0.072554,-0.125890,-1.292914,-0.230891,-0.147463,-0.979799,-0.260468,-0.126061,-0.752969,-0.236939,0.071166,-0.908918,-0.116180,-0.000068,-1.070012,-0.260648,-0.033515,-0.762310,-0.224431,-0.021540,-0.587326,-0.157218,0.210337,-0.787300,-0.166786,0.148817,-0.986175,-0.240748,0.085497,-0.773738,-0.197303,0.066901,-0.619302,-0.143573
sign_1,0.000000,0.000000,0.000000,-0.160964,-0.166156,-0.081746,-0.284717,-0.517288,-0.136621,-0.262697,-0.843521,-0.197127,-0.163960,-1.056535,-0.253286,-0.216674,-1.039852,-0.077085,-0.254910,-1.524603,-0.175296,-0.257997,-1.819772,-0.233226,-0.251593,-2.070570,-0.272999,-0.068343,-0.992806,-0.098314,-0.091856,-1.243397,-0.262107,-0.115038,-0.915508,-0.294197,-0.113678,-0.693225,-0.274503,0.072608,-0.895562,-0.132405,0.034401,-1.043517,-0.283274,-0.010506,-0.726663,-0.249116,-0.018391,-0.549242,-0.183989,0.210961,-0.758038,-0.174340,0.176164,-0.950489,-0.259334,0.107777,-0.731807,-0.219208,0.071729,-0.576641,-0.165975
sign_1,0.000000,0.000000,0.000000,-0.153908,-0.169183,-0.083752,-0.271858,-0.529062,-0.131977,-0.248343,-0.860951,-0.184829,-0.158833,-1.089760,-0.231459,-0.222032,-1.041265,-0.062159,-0.260403,-1.523725,-0.148506,-0.263840,-1.800743,-0.193349,-0.254516,-2.039423,-0.223496,-0.077956,-0.993841,-0.078758,-0.091652,-1.254704,-0.234544,-0.112091,-0.916035,-0.258405,-0.105501,-0.690377,-0.230828,0.058548,-0.897004,-0.109198,0.028987,-1.048878,-0.255127,-0.015660,-0.718626,-0.219465,-0.022253,-0.550735,-0.151571,0.189813,-0.760772,-0.147650,0.164123,-0.938704,-0.226372,0.104746,-0.721857,-0.186924,0.079517,-0.590084,-0.133984
sign_1,0.000000,0.000000,0.000000,-0.152656,-0.169767,-0.077802,-0.272251,-0.528910,-0.124730,-0.246670,-0.858828,-0.177974,-0.153947,-1.082462,-0.225287,-0.229233,-1.031230,-0.054859,-0.267335,-1.496276,-0.145019,-0.268857,-1.760550,-0.189693,-0.254645,-1.995492,-0.218498,-0.087096,-0.993383,-0.074860,-0.104230,-1.248446,-0.227996,-0.129936,-0.897354,-0.246848,-0.121012,-0.703944,-0.216333,0.047443,-0.905992,-0.109351,0.017885,-1.042870,-0.252276,-0.028815,-0.701493,-0.209350,-0.028452,-0.562135,-0.137874,0.175324,-0.777726,-0.152194,0.143660,-0.930302,-0.223818,0.082995,-0.701300,-0.177780,0.065606,-0.589921,-0.121891
sign_1,0.000000,0.000000,0.000000,-0.167920,-0.219464,-0.066580,-0.277196,-0.573108,-0.110491,-0.240520,-0.892348,-0.164219,-0.129154,-1.069683,-0.212624,-0.223812,-1.037748,-0.039462,-0.267156,-1.493323,-0.128250,-0.273543,-1.765250,-0.180141,-0.263829,-2.003584,-0.215149,-0.086665,-0.993962,-0.067290,-0.089393,-1.276628,-0.223133,-0.117887,-0.971293,-0.255504,-0.120256,-0.743822,-0.233180,0.044018,-0.897942,-0.108162,0.028608,-1.034278,-0.244333,-0.022784,-0.736821,-0.213672,-0.034214,-0.565931,-0.150748,0.168057,-0.757665,-0.157351,0.151749,-0.918856,-0.220663,0.083406,-0.730614,-0.179569,0.049582,-0.603340,-0.128623
sign_1,0.000000,0.000000,0.000000,-0.162326,-0.289465,-0.044878,-0.229494,-0.698316,-0.079387,-0.159134,-1.015937,-0.129476,-0.027599,-1.167252,-0.180388,-0.199258,-1.044455,-0.030828,-0.233873,-1.546590,-0.125393,-0.233890,-1.876514,-0.194369,-0.227288,-2.152035,-0.240364,-0.062261,-0.995685,-0.068815,-0.054340,-1.315234,-0.220762,-0.106383,-1.090698,-0.272613,-0.140306,-0.873914,-0.266307,0.076514,-0.897300,-0.115182,0.069573,-1.079979,-0.241285,0.015778,-0.821261,-0.218863,-0.003483,-0.627289,-0.162586,0.208866,-0.757952,-0.168660,0.197033,-0.968880,-0.224741,0.139984,-0.808242,-0.179427,0.117336,-0.665884,-0.124404
sign_1,0.000000,0.000000,0.000000,-0.134034,-0.261057,-0.095263,-0.189598,-0.646318,-0.152053,-0.103322,-0.934395,-0.212833,0.032370,-1.120594,-0.266699,-0.168677,-1.066348,-0.063502,-0.184393,-1.543917,-0.168935,-0.171296,-1.809452,-0.229417,-0.144378,-2.066954,-0.267230,-0.018719,-0.996759,-0.078235,0.051387,-1.267508,-0.247968,-0.001826,-0.932637,-0.284028,-0.036802,-0.755809,-0.261228,0.120735,-0.874488,-0.108806,0.167313,-1.010696,-0.262371,0.092632,-0.694239,-0.230688,0.058650,-0.584252,-0.162384,0.242937,-0.716865,-0.149160,0.286962,-0.884342,-0.225651,0.218074,-0.687786,-0.181277,0.177203,-0.597932,-0.123022
sign_1,0.000000,0.000000,0.000000,-0.127948,-0.267070,-0.100944,-0.173460,-0.651961,-0.148481,-0.092551,-0.966342,-0.199432,0.030481,-1.162617,-0.241917,-0.145866,-1.068526,-0.038439,-0.154865,-1.523964,-0.122703,-0.154087,-1.787319,-0.168515,-0.138157,-2.022684,-0.196804,0.002773,-0.999038,-0.043767,0.068807,-1.269258,-0.199576,0.018038,-0.962194,-0.233496,-0.010800,-0.738014,-0.208047,0.135210,-0.881152,-0.066357,0.175396,-1.020739,-0.213347,0.103762,-0.738771,-0.193971,0.071400,-0.571660,-0.130859,0.249524,-0.735211,-0.098743,0.298421,-0.924177,-0.173687,0.230525,-0.771295,-0.142808,0.183180,-0.651938,-0.093216
sign_1,0.000000,0.000000,0.000000,-0.140576,-0.254070,-0.101158,-0.194728,-0.642602,-0.149863,-0.113258,-0.951418,-0.200090,0.017932,-1.114290,-0.241701,-0.158409,-1.071415,-0.048338,-0.159091,-1.527337,-0.129217,-0.155795,-1.785908,-0.171820,-0.141530,-2.011623,-0.199303,-0.010604,-0.998513,-0.053481,0.051864,-1.271954,-0.205328,-0.001432,-0.962812,-0.235869,-0.033313,-0.736344,-0.209794,0.120946,-0.876481,-0.075250,0.152325,-1.017016,-0.219110,0.085467,-0.741190,-0.199174,0.059295,-0.577614,-0.137508,0.237136,-0.724418,-0.106506,0.277517,-0.920308,-0.181757,0.213970,-0.773484,-0.151983,0.172557,-0.657492,-0.104421
sign_1,0.000000,0.000000,0.000000,-0.136278,-0.268521,-0.091925,-0.196321,-0.637269,-0.143447,-0.117918,-0.950653,-0.200844,0.013816,-1.144219,-0.249772,-0.171832,-1.063745,-0.037510,-0.180298,-1.536035,-0.121855,-0.173598,-1.805440,-0.168903,-0.154075,-2.038076,-0.199505,-0.024071,-0.998526,-0.048638,0.043535,-1.249533,-0.210277,-0.002701,-0.942845,-0.248112,-0.034598,-0.709945,-0.226701,0.110274,-0.886489,-0.075760,0.154724,-1.035465,-0.223172,0.084583,-0.750215,-0.203165,0.045118,-0.567984,-0.141865,0.228718,-0.737692,-0.112178,0.267895,-0.894256,-0.189387,0.196547,-0.745584,-0.162132,0.141984,-0.635050,-0.116005
sign_1,0.000000,0.000000,0.000000,-0.172422,-0.263767,-0.078506,-0.263515,-0.636737,-0.128182,-0.200652,-0.951822,-0.184767,-0.083707,-1.127106,-0.236091,-0.192343,-1.068224,-0.058421,-0.205360,-1.560665,-0.144975,-0.205290,-1.854994,-0.195991,-0.197024,-2.099415,-0.232556,-0.042459,-0.995895,-0.079940,-0.011683,-1.262694,-0.238067,-0.047954,-0.971118,-0.273633,-0.074757,-0.733744,-0.256940,0.093343,-0.878186,-0.114427,0.107103,-1.031785,-0.254338,0.049977,-0.764446,-0.228676,0.015254,-0.590169,-0.170951,0.218889,-0.724855,-0.157514,0.238460,-0.897228,-0.230059,0.173735,-0.748987,-0.197278,0.122453,-0.630001,-0.151880
sign_1,0.000000,0.000000,0.000000,-0.156792,-0.269931,-0.073119,-0.265384,-0.651901,-0.136042,-0.248863,-0.958389,-0.206722,-0.102750,-0.978730,-0.276533,-0.094928,-1.086212,-0.088824,-0.107560,-1.576774,-0.187959,-0.105847,-1.885094,-0.258574,-0.098140,-2.139300,-0.314134,0.049325,-0.991950,-0.116625,0.000227,-1.163012,-0.279483,-0.044868,-0.910848,-0.318948,-0.056606,-0.719025,-0.312413,0.177369,-0.840251,-0.155020,0.120033,-0.925656,-0.281801,0.061566,-0.710722,-0.244894,0.044219,-0.576975,-0.190886,0.297288,-0.643505,-0.204414,0.242866,-0.747111,-0.264121,0.160170,-0.594490,-0.222416,0.129500,-0.491401,-0.177676
sign_1,0.000000,0.000000,0.000000,-0.160297,-0.271329,-0.061763,-0.258497,-0.688065,-0.111141,-0.198729,-0.977813,-0.170267,-0.049738,-1.001408,-0.228267,-0.092867,-1.094332,-0.071123,-0.093126,-1.596176,-0.159522,-0.084498,-1.897082,-0.214962,-0.065546,-2.144850,-0.258078,0.050628,-0.993220,-0.104647,0.035089,-1.226364,-0.268278,-0.021695,-0.962054,-0.306162,-0.044659,-0.738660,-0.291781,0.179147,-0.840603,-0.147189,0.134403,-0.963140,-0.283567,0.069003,-0.710031,-0.251191,0.048164,-0.539827,-0.191732,0.300374,-0.645906,-0.198019,0.246845,-0.782124,-0.264619,0.172747,-0.616798,-0.223526,0.150550,-0.493054,-0.174592
sign_1,0.000000,0.000000,0.000000,-0.173074,-0.284231,-0.020845,-0.293936,-0.631036,-0.053057,-0.285237,-0.920519,-0.103568,-0.181732,-1.052693,-0.148016,-0.166654,-1.022363,0.023513,-0.199392,-1.348253,-0.073902,-0.245944,-1.262542,-0.137542,-0.264647,-1.127225,-0.166390,-0.037379,-0.999211,-0.013415,-0.103791,-1.261765,-0.122254,-0.147396,-1.022496,-0.159959,-0.147552,-0.814587,-0.157653,0.090897,-0.939462,-0.064553,0.004577,-1.106142,-0.156701,-0.039407,-0.873928,-0.141904,-0.037595,-0.701509,-0.106053,0.219607,-0.843396,-0.120260,0.130447,-0.991462,-0.155721,0.074031,-0.816380,-0.121609,0.070902,-0.673399,-0.083222
sign_1,0.000000,0.000000,0.000000,-0.205843,-0.135527,-0.100557,-0.373766,-0.394903,-0.171129,-0.400165,-0.720146,-0.239744,-0.386390,-0.993371,-0.300808,-0.440253,-0.888314,-0.108005,-0.639490,-1.283032,-0.222957,-0.758265,-1.546948,-0.298029,-0.847021,-1.770836,-0.349699,-0.278648,-0.952284,-0.124542,-0.336059,-1.240114,-0.300924,-0.291276,-0.937002,-0.344719,-0.253222,-0.679753,-0.332063,-0.109951,-0.934364,-0.154339,-0.148589,-1.104585,-0.309298,-0.134188,-0.801742,-0.271451,-0.118069,-0.597889,-0.204632,0.062283,-0.862816,-0.194157,0.030918,-1.064935,-0.282818,0.006499,-0.838312,-0.239438,-0.006518,-0.654278,-0.183388
sign_1,0.000000,0.000000,0.000000,-0.187103,-0.111245,-0.150444,-0.375204,-0.351981,-0.236853,-0.433619,-0.699905,-0.317159,-0.424544,-1.039346,-0.384179,-0.540895,-0.795562,-0.106241,-0.774290,-1.120060,-0.234946,-0.908672,-1.313524,-0.305459,-1.016049,-1.521957,-0.349754,-0.379987,-0.919631,-0.099444,-0.409204,-1.155708,-0.302490,-0.327500,-0.796800,-0.345383,-0.293199,-0.621037,-0.322212,-0.211790,-0.966054,-0.114943,-0.219822,-1.116801,-0.307632,-0.175611,-0.758981,-0.272629,-0.165628,-0.625162,-0.194392,-0.047270,-0.958565,-0.143658,-0.066797,-1.141667,-0.250410,-0.051997,-0.881332,-0.208374,-0.049416,-0.753124,-0.145410
sign_1,0.000000,0.000000,0.000000,-0.180192,-0.129257,-0.145425,-0.351366,-0.377681,-0.222439,-0.398601,-0.741103,-0.294358,-0.408367,-1.085908,-0.355633,-0.520221,-0.809644,-0.077644,-0.725921,-1.130850,-0.182903,-0.850145,-1.332156,-0.243876,-0.943757,-1.531434,-0.283434,-0.360897,-0.930121,-0.068034,-0.400703,-1.181426,-0.245156,-0.324572,-0.853208,-0.288345,-0.275960,-0.650624,-0.269181,-0.198533,-0.974912,-0.080403,-0.215081,-1.136305,-0.253603,-0.169280,-0.793600,-0.228051,-0.144711,-0.613187,-0.159519,-0.043721,-0.960046,-0.105578,-0.073804,-1.166690,-0.206520,-0.060163,-0.909205,-0.172576,-0.052236,-0.742982,-0.117425
sign_1,0.000000,0.000000,0.000000,-0.180258,-0.118867,-0.135801,-0.353275,-0.369116,-0.208280,-0.406263,-0.722593,-0.277539,-0.408611,-1.044401,-0.336603,-0.531911,-0.823797,-0.059988,-0.714554,-1.140096,-0.154124,-0.831380,-1.334293,-0.203277,-0.915545,-1.522060,-0.234554,-0.367370,-0.928523,-0.053705,-0.399556,-1.161284,-0.218020,-0.314279,-0.816401,-0.249054,-0.261043,-0.633118,-0.220781,-0.199857,-0.971155,-0.069336,-0.219723,-1.110763,-0.229952,-0.171002,-0.774384,-0.197452,-0.148077,-0.627445,-0.126562,-0.039104,-0.955750,-0.097407,-0.076221,-1.145927,-0.187843,-0.057922,-0.889516,-0.148270,-0.049308,-0.750720,-0.090589
sign_1,0.000000,0.000000,0.000000,-0.201422,-0.111269,-0.123247,-0.384308,-0.370079,-0.188601,-0.429031,-0.728947,-0.253135,-0.414603,-1.035964,-0.308577,-0.541596,-0.809588,-0.059964,-0.744791,-1.131038,-0.158620,-0.865268,-1.324870,-0.210209,-0.956085,-1.518677,-0.242449,-0.382570,-0.921932,-0.060680,-0.433767,-1.185455,-0.227762,-0.357668,-0.855130,-0.262904,-0.309658,-0.666309,-0.237542,-0.215756,-0.964616,-0.081391,-0.240246,-1.121159,-0.249972,-0.194251,-0.768599,-0.223015,-0.170880,-0.605891,-0.152098,-0.052396,-0.949284,-0.112465,-0.093315,-1.140284,-0.207260,-0.077333,-0.882091,-0.168725,-0.064919,-0.734958,-0.110073
sign_1,0.000000,0.000000,0.000000,-0.247855,-0.206543,-0.048962,-0.411222,-0.520692,-0.089487,-0.410364,-0.862047,-0.145145,-0.330429,-1.116883,-0.201226,-0.426173,-0.908129,-0.022328,-0.571802,-1.314137,-0.104406,-0.651945,-1.572073,-0.163077,-0.712687,-1.795681,-0.205506,-0.272414,-0.960146,-0.062527,-0.347341,-1.273584,-0.204791,-0.320942,-1.005959,-0.245306,-0.276638,-0.759278,-0.235033,-0.111278,-0.952910,-0.113839,-0.175177,-1.137765,-0.235582,-0.165637,-0.849856,-0.205253,-0.132267,-0.634480,-0.147221,0.052404,-0.899459,-0.172966,-0.018926,-1.105626,-0.228641,-0.044391,-0.901964,-0.182451,-0.035201,-0.724350,-0.129974
sign_1,0.000000,0.000000,0.000000,-0.172281,-0.295182,-0.014499,-0.267778,-0.653612,-0.029247,-0.303038,-0.952594,-0.066527,-0.284081,-1.223067,-0.104584,-0.141307,-1.026290,0.055559,-0.117641,-1.458014,0.003322,-0.111173,-1.725264,-0.039726,-0.097624,-1.948355,-0.069891,-0.046148,-0.998799,0.016483,-0.102684,-1.319758,-0.081738,-0.175538,-1.215973,-0.128270,-0.205952,-1.057615,-0.133092,0.054139,-0.930503,-0.032203,-0.038318,-1.165358,-0.120442,-0.099348,-0.976522,-0.112066,-0.101612,-0.782597,-0.077048,0.168572,-0.830268,-0.085294,0.058459,-0.992867,-0.130040,-0.001477,-0.854669,-0.105507,-0.002371,-0.700044,-0.069728
sign_1,0.000000,0.000000,0.000000,-0.108036,-0.339939,-0.005848,-0.108065,-0.746613,-0.024716,-0.089748,-1.025195,-0.063960,-0.049544,-1.270496,-0.104199,0.172048,-1.060271,0.029337,0.262293,-1.380993,-0.043721,0.320457,-1.575415,-0.092567,0.397811,-1.745825,-0.126088,0.255368,-0.966613,-0.021113,0.098086,-1.274320,-0.137478,-0.024336,-1.073913,-0.164503,-0.031816,-0.886394,-0.151728,0.296492,-0.825219,-0.081464,0.101752,-1.059347,-0.191961,-0.001195,-0.854518,-0.157073,0.011376,-0.703527,-0.100043,0.308322,-0.654906,-0.145575,0.141144,-0.861375,-0.214100,0.054345,-0.726959,-0.181759,0.060311,-0.598296,-0.134620
sign_1,0.000000,0.000000,0.000000,-0.077585,-0.531689,-0.007810,-0.017531,-0.939246,-0.052069,0.032758,-1.219565,-0.117550,0.089253,-1.482428,-0.181746,0.380341,-1.050595,-0.010298,0.539059,-1.440588,-0.096859,0.629786,-1.698916,-0.142630,0.718623,-1.903778,-0.177183,0.434352,-0.897728,-0.073644,0.270385,-1.433669,-0.208278,0.096959,-1.254852,-0.217909,0.071298,-1.050894,-0.193393,0.415356,-0.746178,-0.146137,0.187297,-1.178815,-0.266542,0.060181,-0.979876,-0.203731,0.072196,-0.802699,-0.133516,0.342726,-0.614824,-0.224432,0.152966,-0.955449,-0.300176,0.059787,-0.818104,-0.254501,0.066940,-0.665188,-0.200300
sign_1,0.000000,0.000000,0.000000,-0.090468,-0.554330,-0.014898,-0.037280,-0.950989,-0.064792,0.018707,-1.245080,-0.133077,0.087925,-1.496529,-0.197887,0.375623,-1.045889,-0.016541,0.519635,-1.421202,-0.101723,0.607384,-1.672302,-0.147590,0.691096,-1.870703,-0.183856,0.423122,-0.902910,-0.075647,0.263633,-1.470232,-0.200481,0.102638,-1.298393,-0.204049,0.091157,-1.096277,-0.180591,0.396047,-0.766762,-0.145427,0.169832,-1.230087,-0.258786,0.053830,-1.031207,-0.193720,0.077693,-0.855803,-0.127872,0.311827,-0.657437,-0.221828,0.128903,-1.024021,-0.296741,0.043434,-0.877182,-0.254226,0.060002,-0.720777,-0.205593
sign_1,0.000000,0.000000,0.000000,-0.079544,-0.552613,-0.021608,-0.023139,-0.969480,-0.066171,0.035745,-1.258471,-0.126874,0.104354,-1.475531,-0.183745,0.392508,-1.051003,-0.022909,0.533164,-1.432828,-0.112743,0.618846,-1.672565,-0.163975,0.704669,-1.862320,-0.202311,0.431727,-0.898804,-0.075914,0.260519,-1.453329,-0.213730,0.081873,-1.285506,-0.226842,0.057588,-1.080514,-0.205133,0.397380,-0.751664,-0.139303,0.174902,-1.201611,-0.270125,0.042691,-1.005042,-0.214461,0.051216,-0.813169,-0.145235,0.311838,-0.624255,-0.208718,0.145930,-0.987266,-0.293592,0.035843,-0.873614,-0.254572,0.023334,-0.723218,-0.202427
sign_1,0.000000,0.000000,0.000000,-0.071628,-0.582606,-0.014202,-0.003964,-1.020489,-0.053416,0.061550,-1.305287,-0.110505,0.136000,-1.527872,-0.163191,0.422234,-1.046945,-0.014321,0.562613,-1.402834,-0.095189,0.646314,-1.645505,-0.141962,0.732782,-1.836797,-0.180928,0.457990,-0.885963,-0.072900,0.297040,-1.455138,-0.199198,0.124251,-1.310432,-0.206376,0.108689,-1.105906,-0.185526,0.417845,-0.736824,-0.142098,0.210073,-1.234578,-0.259846,0.084558,-1.074028,-0.201904,0.105746,-0.891119,-0.138249,0.326368,-0.615568,-0.217859,0.170192,-1.021618,-0.296389,0.073976,-0.934140,-0.259617,0.078778,-0.780888,-0.213694
sign_1,0.000000,0.000000,0.000000,-0.087357,-0.562143,-0.013944,-0.030271,-0.985562,-0.052967,0.023298,-1.277221,-0.109808,0.095030,-1.507389,-0.162084,0.374016,-1.042236,-0.003368,0.518461,-1.410558,-0.080831,0.596258,-1.660561,-0.120623,0.673849,-1.857672,-0.152576,0.412269,-0.909187,-0.058423,0.267430,-1.473979,-0.184458,0.092374,-1.321621,-0.188680,0.071432,-1.119606,-0.162415,0.382720,-0.784526,-0.124476,0.178049,-1.251458,-0.240834,0.047509,-1.067353,-0.181262,0.064592,-0.887944,-0.115004,0.304561,-0.680153,-0.196711,0.138727,-1.041258,-0.268929,0.040556,-0.920264,-0.228201,0.046526,-0.766153,-0.179585
sign_1,0.000000,0.000000,0.000000,-0.104375,-0.573610,-0.015063,-0.047046,-0.981481,-0.055096,0.011070,-1.261601,-0.111949,0.074762,-1.483922,-0.165427,0.357011,-1.054960,-0.014295,0.494510,-1.431261,-0.092696,0.568851,-1.680800,-0.134672,0.645278,-1.884988,-0.168781,0.402183,-0.912924,-0.069411,0.246428,-1.464541,-0.195558,0.074857,-1.301106,-0.201507,0.053597,-1.097430,-0.178115,0.374209,-0.777918,-0.134504,0.157545,-1.233782,-0.250571,0.028636,-1.043165,-0.192319,0.042508,-0.862953,-0.127668,0.294126,-0.666585,-0.205596,0.120194,-1.028988,-0.278114,0.026697,-0.905398,-0.238392,0.035065,-0.754876,-0.191056
sign_1,0.000000,0.000000,0.000000,-0.103169,-0.509589,-0.018956,-0.079208,-0.887854,-0.062261,-0.046001,-1.158023,-0.122947,0.005954,-1.402545,-0.178888,0.305948,-1.064551,-0.009996,0.404999,-1.447170,-0.091843,0.469318,-1.694960,-0.136405,0.534567,-1.884516,-0.170350,0.363751,-0.929496,-0.061004,0.183171,-1.393919,-0.183599,0.034599,-1.214671,-0.192793,0.035029,-1.033573,-0.172220,0.357637,-0.779375,-0.123028,0.114481,-1.140271,-0.233109,0.011927,-0.943630,-0.177906,0.046904,-0.793170,-0.117576,0.293603,-0.640836,-0.192013,0.096121,-0.932771,-0.257855,0.022024,-0.799470,-0.217961,0.053474,-0.669732,-0.171737
sign_1,0.000000,0.000000,0.000000,-0.137714,-0.286808,-0.052971,-0.217251,-0.588800,-0.103949,-0.246402,-0.839666,-0.164169,-0.212527,-1.063072,-0.218071,-0.003352,-1.050324,-0.031044,-0.002287,-1.429334,-0.113178,-0.004172,-1.671253,-0.163749,0.011331,-1.872282,-0.200729,0.105986,-0.992796,-0.055892,-0.067040,-1.180493,-0.178609,-0.153617,-0.948905,-0.202934,-0.139723,-0.784799,-0.192143,0.180757,-0.870619,-0.093233,-0.032247,-0.959608,-0.198664,-0.089213,-0.729910,-0.161769,-0.051723,-0.604052,-0.112676,0.224943,-0.698975,-0.139997,0.036298,-0.771890,-0.199062,-0.017808,-0.618816,-0.168694,0.010086,-0.519430,-0.129411
sign_1,0.000000,0.000000,0.000000,-0.204026,-0.224225,-0.057637,-0.352120,-0.516625,-0.103933,-0.363260,-0.826156,-0.162655,-0.301788,-1.040328,-0.216902,-0.339230,-0.953953,-0.029837,-0.470982,-1.377155,-0.129467,-0.542375,-1.646402,-0.192227,-0.590790,-1.879945,-0.233733,-0.196924,-0.978348,-0.063691,-0.287848,-1.270939,-0.220776,-0.264540,-1.000655,-0.264637,-0.222583,-0.779660,-0.252578,-0.044721,-0.947363,-0.110260,-0.114148,-1.080372,-0.246806,-0.117168,-0.788446,-0.217170,-0.099050,-0.604340,-0.156565,0.111703,-0.864874,-0.165039,0.043336,-1.000021,-0.228470,0.005763,-0.794113,-0.185519,0.000891,-0.648257,-0.134230
sign_1,0.000000,0.000000,0.000000,-0.201307,-0.156290,-0.089345,-0.362614,-0.448579,-0.141134,-0.382130,-0.815082,-0.199759,-0.348026,-1.127085,-0.251223,-0.447223,-0.874179,-0.041454,-0.627833,-1.260428,-0.137078,-0.731182,-1.507153,-0.193940,-0.805646,-1.729279,-0.230863,-0.299579,-0.952361,-0.057107,-0.344429,-1.238988,-0.224008,-0.295122,-0.919807,-0.265446,-0.249648,-0.671625,-0.245340,-0.143443,-0.959579,-0.088444,-0.169478,-1.122149,-0.242070,-0.155238,-0.798482,-0.217245,-0.133083,-0.592525,-0.151438,0.011402,-0.916564,-0.128920,-0.011443,-1.132562,-0.210506,-0.035259,-0.936425,-0.175826,-0.048995,-0.780707,-0.123306
sign_1,0.000000,0.000000,0.000000,-0.189827,-0.116225,-0.107428,-0.362859,-0.382663,-0.170129,-0.399946,-0.724673,-0.235888,-0.347609,-1.013748,-0.292852,-0.457471,-0.865922,-0.056893,-0.651998,-1.241383,-0.155473,-0.757024,-1.463466,-0.204392,-0.826742,-1.670656,-0.233254,-0.305566,-0.950007,-0.064152,-0.358018,-1.197230,-0.228074,-0.304798,-0.868129,-0.256789,-0.260936,-0.685834,-0.227632,-0.147148,-0.969439,-0.090323,-0.181690,-1.080429,-0.252559,-0.162332,-0.733976,-0.223328,-0.140116,-0.579194,-0.152246,0.010668,-0.940932,-0.126127,-0.031373,-1.104662,-0.212148,-0.046044,-0.855083,-0.171898,-0.048174,-0.704338,-0.114030
sign_1,0.000000,0.000000,0.000000,-0.208616,-0.132154,-0.087461,-0.394108,-0.426248,-0.138736,-0.429887,-0.793618,-0.197506,-0.386343,-1.093535,-0.250015,-0.477040,-0.865048,-0.038401,-0.677413,-1.252144,-0.133128,-0.786758,-1.483959,-0.184752,-0.860963,-1.693111,-0.217835,-0.323452,-0.944481,-0.057750,-0.387510,-1.202159,-0.228552,-0.331933,-0.856574,-0.262591,-0.276051,-0.632366,-0.234870,-0.162549,-0.962892,-0.093927,-0.211901,-1.111894,-0.252463,-0.188926,-0.766950,-0.218948,-0.156359,-0.591193,-0.145719,0.000601,-0.936006,-0.139011,-0.059346,-1.102443,-0.219415,-0.069872,-0.856945,-0.174815,-0.058815,-0.710330,-0.114925
sign_1,0.000000,0.000000,0.000000,-0.218401,-0.144432,-0.079156,-0.393996,-0.448792,-0.131544,-0.422284,-0.804451,-0.192718,-0.383083,-1.092169,-0.248568,-0.479677,-0.875433,-0.050570,-0.680283,-1.258073,-0.144588,-0.789869,-1.496202,-0.199517,-0.869222,-1.709852,-0.236736,-0.325291,-0.942560,-0.075932,-0.386820,-1.197149,-0.239340,-0.336381,-0.896915,-0.277501,-0.288627,-0.677999,-0.259378,-0.158528,-0.942603,-0.114886,-0.210841,-1.097705,-0.264708,-0.185874,-0.780741,-0.232550,-0.155720,-0.590807,-0.165754,0.010608,-0.893869,-0.162227,-0.040812,-1.077518,-0.239882,-0.053233,-0.864596,-0.196481,-0.048179,-0.715748,-0.139529
sign_1,0.000000,0.000000,0.000000,-0.192241,-0.117652,-0.088287,-0.375825,-0.396622,-0.142463,-0.401205,-0.754127,-0.201253,-0.365677,-1.034989,-0.254153,-0.485527,-0.863734,-0.064228,-0.674989,-1.235574,-0.171661,-0.779518,-1.453764,-0.234128,-0.863566,-1.663900,-0.275834,-0.330565,-0.940023,-0.084166,-0.364524,-1.151425,-0.266406,-0.289741,-0.768510,-0.303450,-0.251996,-0.553625,-0.279418,-0.168200,-0.950953,-0.119069,-0.189639,-1.039681,-0.284263,-0.150674,-0.667910,-0.243858,-0.136309,-0.509600,-0.168368,-0.007241,-0.911929,-0.163094,-0.037339,-1.043077,-0.251062,-0.034292,-0.770108,-0.202294,-0.037813,-0.636925,-0.138893
sign_1,0.000000,0.000000,0.000000,-0.210171,-0.088478,-0.093086,-0.382792,-0.341221,-0.157862,-0.400760,-0.695564,-0.227568,-0.367362,-0.980962,-0.292900,-0.486360,-0.846799,-0.086490,-0.677545,-1.240551,-0.205105,-0.785802,-1.476135,-0.274895,-0.876546,-1.692298,-0.321350,-0.331178,-0.937179,-0.109616,-0.336825,-1.117095,-0.299118,-0.272615,-0.741623,-0.338874,-0.256088,-0.533835,-0.320083,-0.166714,-0.955964,-0.147931,-0.159636,-1.017304,-0.312683,-0.128210,-0.660868,-0.271342,-0.131234,-0.529451,-0.201250,-0.003658,-0.922248,-0.196950,-0.010530,-0.986333,-0.279734,-0.010209,-0.705822,-0.229827,-0.025698,-0.596126,-0.169290
sign_1,0.000000,0.000000,0.000000,-0.203613,-0.078082,-0.097737,-0.361672,-0.315525,-0.172559,-0.378395,-0.626872,-0.247020,-0.364790,-0.873296,-0.318936,-0.411489,-0.892459,-0.121378,-0.605702,-1.243822,-0.231233,-0.724914,-1.462208,-0.312767,-0.819969,-1.632848,-0.372262,-0.256562,-0.955575,-0.145092,-0.314037,-1.202531,-0.308198,-0.286403,-0.909447,-0.357443,-0.259427,-0.651590,-0.358377,-0.095082,-0.940083,-0.180818,-0.146831,-1.114514,-0.315404,-0.138118,-0.805128,-0.285361,-0.116856,-0.569914,-0.236392,0.070691,-0.875900,-0.227430,0.018805,-0.993948,-0.309761,-0.009887,-0.755319,-0.276814,-0.015922,-0.568937,-0.234146
sign_1,0.000000,0.000000,0.000000,0.244015,0.059226,-0.096275,0.514651,-0.099905,-0.152796,0.653288,-0.414593,-0.210984,0.633535,-0.766797,-0.272409,0.632821,-0.705359,-0.147691,0.921081,-1.174100,-0.267363,1.092215,-1.467367,-0.334635,1.231388,-1.739400,-0.383752,0.476890,-0.859792,-0.182577,0.645579,-1.180753,-0.369764,0.542168,-0.837366,-0.419842,0.456282,-0.555538,-0.414868,0.286877,-0.928175,-0.224256,0.369835,-1.071683,-0.403187,0.296284,-0.702411,-0.383804,0.250614,-0.459747,-0.328560,0.084189,-0.959358,-0.273342,0.146758,-1.115698,-0.386980,0.118618,-0.836962,-0.355167,0.095400,-0.635503,-0.307670
sign_1,0.000000,0.000000,0.000000,0.204985,-0.045763,-0.107055,0.423918,-0.250575,-0.169969,0.558838,-0.506078,-0.232712,0.561175,-0.805901,-0.290205,0.558590,-0.766977,-0.101797,0.808371,-1.155952,-0.213716,0.950698,-1.403275,-0.271401,1.058688,-1.642767,-0.307870,0.417156,-0.901134,-0.118056,0.578803,-1.176783,-0.309412,0.486539,-0.833174,-0.354012,0.417041,-0.623869,-0.331271,0.252496,-0.967541,-0.145184,0.341699,-0.997977,-0.333158,0.269922,-0.640025,-0.301138,0.224036,-0.499119,-0.223490,0.076977,-0.992383,-0.180259,0.162341,-1.034148,-0.296417,0.146215,-0.747604,-0.251957,0.123315,-0.617229,-0.183851
sign_1,0.000000,0.000000,0.000000,0.219551,-0.056601,-0.103953,0.439581,-0.265537,-0.163510,0.563488,-0.537643,-0.225290,0.543356,-0.829444,-0.284010,0.559035,-0.776740,-0.087988,0.802415,-1.159381,-0.195953,0.944435,-1.396672,-0.255750,1.051295,-1.630100,-0.294573,0.417011,-0.902676,-0.106199,0.560861,-1.193666,-0.293064,0.471183,-0.837791,-0.338091,0.398852,-0.600654,-0.317039,0.252370,-0.964095,-0.136391,0.338376,-1.064204,-0.320070,0.276946,-0.701124,-0.292483,0.232113,-0.521692,-0.218592,0.076322,-0.988397,-0.174567,0.159597,-1.076333,-0.286981,0.148171,-0.801178,-0.246661,0.125712,-0.649420,-0.183089
sign_1,0.000000,0.000000,0.000000,0.214141,-0.058144,-0.103257,0.425634,-0.265466,-0.165676,0.544003,-0.526154,-0.230705,0.530640,-0.812728,-0.291774,0.559675,-0.779382,-0.085085,0.800280,-1.138788,-0.192335,0.943573,-1.372006,-0.248659,1.047977,-1.591850,-0.283632,0.415648,-0.903732,-0.102495,0.560519,-1.163939,-0.281366,0.459699,-0.816683,-0.316943,0.385840,-0.612770,-0.289883,0.250883,-0.963252,-0.132810,0.327596,-1.028516,-0.311862,0.254073,-0.680084,-0.279149,0.207172,-0.537030,-0.202942,0.074172,-0.985837,-0.171188,0.154451,-1.045382,-0.280064,0.133570,-0.780254,-0.236297,0.107793,-0.659503,-0.170728
sign_1,0.000000,0.000000,0.000000,0.226865,-0.082406,-0.077575,0.445154,-0.299692,-0.128626,0.558503,-0.563492,-0.186224,0.526685,-0.844080,-0.242052,0.524378,-0.803549,-0.076385,0.751901,-1.199330,-0.184157,0.882697,-1.442473,-0.244514,0.977644,-1.684463,-0.283826,0.372722,-0.921871,-0.105977,0.519137,-1.161815,-0.284682,0.425561,-0.798640,-0.321155,0.346189,-0.586747,-0.297194,0.205231,-0.971689,-0.145760,0.293224,-0.991881,-0.320325,0.221442,-0.643635,-0.282232,0.169429,-0.514625,-0.205583,0.029720,-0.983523,-0.191799,0.118406,-1.002787,-0.293083,0.097711,-0.737580,-0.242119,0.066545,-0.631586,-0.174520
sign_1,0.000000,0.000000,0.000000,0.158587,-0.244161,-0.040482,0.255248,-0.541910,-0.096407,0.314042,-0.770636,-0.160282,0.281684,-0.973804,-0.220256,0.089646,-1.024124,-0.078434,0.076072,-1.398008,-0.170131,0.060504,-1.642865,-0.226372,0.018681,-1.854866,-0.264140,-0.028919,-0.993060,-0.114001,0.137524,-1.151604,-0.220957,0.198946,-0.839019,-0.229731,0.178817,-0.694988,-0.216042,-0.128455,-0.882136,-0.157007,0.063464,-0.914622,-0.268321,0.113574,-0.642500,-0.225059,0.079812,-0.534535,-0.172904,-0.209019,-0.715719,-0.204607,-0.039237,-0.738715,-0.275455,0.027224,-0.555923,-0.235303,0.006535,-0.473500,-0.191024
sign_1,0.000000,0.000000,0.000000,0.146586,-0.336912,-0.037300,0.210640,-0.676299,-0.098364,0.254225,-0.913984,-0.170289,0.224858,-1.096587,-0.238115,-0.073528,-1.088541,-0.109829,-0.209950,-1.413294,-0.214844,-0.310756,-1.622902,-0.283267,-0.407662,-1.790438,-0.331157,-0.186151,-0.970379,-0.153986,0.015667,-1.180804,-0.298139,0.146922,-0.930629,-0.327519,0.177819,-0.749244,-0.320594,-0.243465,-0.775227,-0.201153,0.017809,-0.869642,-0.322044,0.101004,-0.635155,-0.280990,0.089713,-0.494603,-0.228927,-0.255772,-0.554981,-0.255198,-0.038924,-0.623689,-0.327572,0.035720,-0.482510,-0.290263,0.025746,-0.396180,-0.246342
sign_1,0.000000,0.000000,0.000000,0.131340,-0.358109,-0.051115,0.187690,-0.703214,-0.128712,0.232946,-0.967830,-0.214775,0.215443,-1.198313,-0.296015,-0.129401,-1.085645,-0.158530,-0.295586,-1.435044,-0.282018,-0.417742,-1.665655,-0.355043,-0.536066,-1.840892,-0.404978,-0.238237,-0.949456,-0.204395,-0.012008,-1.234332,-0.375863,0.138777,-0.993395,-0.403430,0.181244,-0.795448,-0.388180,-0.278751,-0.736530,-0.252662,0.012589,-0.879085,-0.389880,0.101825,-0.647407,-0.340055,0.090030,-0.491729,-0.277101,-0.269410,-0.501670,-0.309570,-0.051826,-0.606495,-0.390285,0.024644,-0.505341,-0.349743,0.018964,-0.432773,-0.299496
sign_1,0.000000,0.000000,0.000000,0.137950,-0.380277,-0.039886,0.181186,-0.732234,-0.116094,0.215438,-0.993655,-0.203574,0.205640,-1.230680,-0.285941,-0.146348,-1.097118,-0.148106,-0.311114,-1.438000,-0.279957,-0.434080,-1.662340,-0.357386,-0.550829,-1.829404,-0.409211,-0.249308,-0.946906,-0.203015,-0.031915,-1.287210,-0.379042,0.130601,-1.040383,-0.401207,0.173733,-0.841152,-0.380859,-0.283701,-0.727826,-0.261883,0.006230,-0.937417,-0.411787,0.106388,-0.703171,-0.358133,0.090666,-0.550628,-0.289233,-0.270432,-0.488130,-0.327209,-0.055003,-0.652668,-0.417070,0.026036,-0.553998,-0.372711,0.009876,-0.479246,-0.319307
sign_1,0.000000,0.000000,0.000000,0.143617,-0.361598,-0.051004,0.189222,-0.722984,-0.128447,0.224839,-0.997164,-0.214644,0.200263,-1.224105,-0.295208,-0.142865,-1.101589,-0.154873,-0.304899,-1.460487,-0.283418,-0.430135,-1.697479,-0.359912,-0.547975,-1.871741,-0.412039,-0.241794,-0.948807,-0.203227,-0.026321,-1.273551,-0.380258,0.131349,-1.027112,-0.403971,0.168646,-0.828328,-0.385427,-0.273586,-0.738202,-0.255834,0.009230,-0.950532,-0.401400,0.113099,-0.721163,-0.347871,0.101211,-0.563738,-0.282181,-0.258980,-0.507155,-0.316584,-0.033383,-0.663822,-0.403838,0.052423,-0.532464,-0.359782,0.041418,-0.431582,-0.307839
sign_1,0.000000,0.000000,0.000000,0.149115,-0.366483,-0.049732,0.196136,-0.711241,-0.130592,0.229645,-0.975482,-0.221360,0.210152,-1.216204,-0.306467,-0.131304,-1.101928,-0.155867,-0.282280,-1.446833,-0.289787,-0.400568,-1.687843,-0.369592,-0.513947,-1.864032,-0.423904,-0.232869,-0.949944,-0.208277,-0.015833,-1.256216,-0.390665,0.142298,-1.015324,-0.419160,0.173710,-0.823894,-0.403623,-0.264703,-0.735192,-0.265063,0.019835,-0.924155,-0.417606,0.122680,-0.700012,-0.368448,0.100494,-0.553857,-0.304537,-0.252340,-0.500199,-0.329429,-0.019612,-0.642801,-0.419700,0.057895,-0.514820,-0.377366,0.030082,-0.417682,-0.326543
sign_1,0.000000,0.000000,0.000000,0.158019,-0.353412,-0.050178,0.214501,-0.680981,-0.130979,0.258640,-0.942272,-0.223459,0.232624,-1.187462,-0.309780,-0.099402,-1.094538,-0.133458,-0.219024,-1.465113,-0.263010,-0.318123,-1.724304,-0.337654,-0.414619,-1.916024,-0.387181,-0.202363,-0.961879,-0.183951,0.015561,-1.254563,-0.362140,0.158922,-0.983350,-0.385041,0.177334,-0.789312,-0.364282,-0.245144,-0.773562,-0.241170,0.028503,-0.966483,-0.392131,0.122284,-0.723225,-0.339554,0.096003,-0.576271,-0.272351,-0.245604,-0.560002,-0.306208,-0.020795,-0.697145,-0.395105,0.047422,-0.553768,-0.352707,0.014603,-0.458158,-0.301697
sign_1,0.000000,0.000000,0.000000,0.158834,-0.316713,-0.061727,0.227612,-0.631527,-0.139938,0.275290,-0.883349,-0.227356,0.253037,-1.134129,-0.308666,-0.040985,-1.080944,-0.127350,-0.111853,-1.475498,-0.253744,-0.179853,-1.751298,-0.323288,-0.259151,-1.959155,-0.368042,-0.151917,-0.973735,-0.169591,0.042904,-1.242018,-0.341862,0.174075,-0.961143,-0.361460,0.187019,-0.768252,-0.336959,-0.209752,-0.799840,-0.220941,0.044530,-0.938326,-0.373750,0.133794,-0.679556,-0.326004,0.108452,-0.541082,-0.259084,-0.228408,-0.594278,-0.280560,-0.010500,-0.686711,-0.371840,0.054697,-0.525747,-0.334400,0.018824,-0.431544,-0.285792
sign_1,0.000000,0.000000,0.000000,0.153881,-0.234694,-0.065975,0.235921,-0.539214,-0.125374,0.283115,-0.790969,-0.190164,0.279670,-1.036469,-0.250494,0.059724,-1.044102,-0.096908,0.060826,-1.468772,-0.195641,0.060595,-1.732423,-0.252422,0.037022,-1.956020,-0.290888,-0.059728,-0.990715,-0.122132,0.081483,-1.199783,-0.266348,0.184521,-0.929422,-0.295122,0.191504,-0.740404,-0.284249,-0.143753,-0.850623,-0.155501,0.045170,-0.911320,-0.280925,0.120225,-0.664676,-0.247509,0.100360,-0.538328,-0.196419,-0.198210,-0.658824,-0.197037,-0.029009,-0.680580,-0.269788,0.034028,-0.538404,-0.242052,0.006698,-0.468961,-0.203814
sign_1,0.000000,0.000000,0.000000,0.191105,-0.175272,-0.077981,0.333111,-0.513574,-0.114250,0.387972,-0.829624,-0.154600,0.325449,-1.039291,-0.193908,0.303930,-0.973996,-0.053401,0.406416,-1.422779,-0.134239,0.454543,-1.686273,-0.180539,0.483263,-1.926876,-0.209605,0.175462,-0.982144,-0.067863,0.239870,-1.332002,-0.212640,0.244952,-1.077914,-0.255037,0.238786,-0.856654,-0.241364,0.043793,-0.928631,-0.091314,0.112127,-1.080618,-0.229658,0.136730,-0.792428,-0.209836,0.138424,-0.605474,-0.151731,-0.084632,-0.829204,-0.121996,-0.013714,-0.941834,-0.205103,0.036239,-0.744415,-0.175178,0.052550,-0.598149,-0.125394
sign_1,0.000000,0.000000,0.000000,0.189347,-0.187288,-0.075931,0.326986,-0.524256,-0.109886,0.383269,-0.829447,-0.147385,0.333015,-1.058494,-0.182708,0.309739,-0.961615,-0.055730,0.433567,-1.398075,-0.140077,0.500899,-1.666751,-0.188495,0.544567,-1.911268,-0.220027,0.170851,-0.982373,-0.075848,0.232014,-1.375158,-0.224930,0.231973,-1.125908,-0.269813,0.216633,-0.903032,-0.258863,0.030538,-0.930540,-0.104835,0.090645,-1.091028,-0.250503,0.114667,-0.810114,-0.235983,0.113444,-0.641774,-0.181442,-0.104286,-0.832925,-0.140470,-0.037902,-0.962768,-0.228503,0.012168,-0.773469,-0.201642,0.028887,-0.645225,-0.155602
sign_1,0.000000,0.000000,0.000000,0.160279,-0.169012,-0.071607,0.306675,-0.525890,-0.103693,0.365563,-0.836124,-0.138942,0.294496,-1.025797,-0.172858,0.279120,-0.970270,-0.054773,0.388147,-1.411072,-0.133547,0.446828,-1.675158,-0.178439,0.479529,-1.922913,-0.208973,0.143661,-0.986794,-0.074824,0.203495,-1.322275,-0.218449,0.218183,-1.039673,-0.260406,0.211206,-0.828958,-0.249714,0.005267,-0.933273,-0.102382,0.068595,-1.063579,-0.244541,0.107404,-0.765110,-0.226491,0.110729,-0.599339,-0.171965,-0.130646,-0.832953,-0.135898,-0.068993,-0.939002,-0.224005,-0.012824,-0.731907,-0.194198,0.002930,-0.597947,-0.146561
sign_1,0.000000,0.000000,0.000000,0.175200,-0.203030,-0.057679,0.307766,-0.561893,-0.084201,0.356350,-0.860164,-0.116891,0.287186,-1.053426,-0.149782,0.257243,-0.998292,-0.048273,0.350838,-1.458147,-0.126857,0.401585,-1.735346,-0.170583,0.429919,-1.985252,-0.198978,0.123639,-0.989575,-0.073852,0.164127,-1.344861,-0.217601,0.193364,-1.056202,-0.254581,0.204638,-0.817230,-0.239557,-0.011632,-0.914040,-0.106134,0.044055,-1.094956,-0.248179,0.093038,-0.797984,-0.223468,0.106254,-0.611825,-0.163294,-0.144369,-0.796732,-0.142954,-0.082364,-0.963318,-0.228235,-0.024105,-0.759955,-0.191095,-0.009183,-0.612997,-0.137894
sign_1,0.000000,0.000000,0.000000,0.162344,-0.190771,-0.071230,0.282094,-0.550270,-0.107368,0.325603,-0.841930,-0.146150,0.261964,-1.036660,-0.183663,0.214841,-1.020218,-0.077383,0.293579,-1.477596,-0.167214,0.332918,-1.763992,-0.218643,0.353809,-2.017220,-0.252949,0.070152,-0.992475,-0.100358,0.108733,-1.323826,-0.255961,0.144350,-1.024302,-0.296280,0.164942,-0.781860,-0.283232,-0.067121,-0.889607,-0.130381,-0.012533,-1.028222,-0.279538,0.049083,-0.737024,-0.256186,0.075469,-0.558810,-0.198044,-0.193838,-0.740020,-0.166450,-0.134830,-0.838409,-0.257911,-0.065155,-0.640693,-0.226374,-0.033891,-0.513289,-0.177540
sign_1,0.000000,0.000000,0.000000,0.169021,-0.171194,-0.091939,0.285806,-0.527818,-0.136661,0.318111,-0.815756,-0.181197,0.244478,-1.027677,-0.223898,0.211497,-1.039315,-0.093803,0.266359,-1.540734,-0.192061,0.290936,-1.858402,-0.251569,0.300522,-2.125772,-0.289717,0.059560,-0.992421,-0.107490,0.072514,-1.322714,-0.275548,0.105543,-1.021517,-0.322707,0.131492,-0.762348,-0.310343,-0.079826,-0.875180,-0.129955,-0.029953,-1.014073,-0.288135,0.027562,-0.724442,-0.264944,0.052515,-0.532067,-0.203143,-0.206834,-0.713582,-0.160236,-0.143207,-0.832911,-0.262295,-0.081522,-0.630053,-0.229767,-0.056297,-0.483560,-0.175444
sign_1,0.000000,0.000000,0.000000,-0.100939,-0.251502,-0.056474,-0.090658,-0.685715,-0.091372,0.028675,-0.920206,-0.136350,0.113648,-1.055102,-0.185831,0.170321,-1.061022,-0.075988,0.275524,-1.539643,-0.160776,0.307165,-1.857940,-0.209594,0.324784,-2.115021,-0.243503,0.268689,-0.957595,-0.104012,0.198542,-1.207564,-0.249101,0.099018,-0.933545,-0.278582,0.070246,-0.724815,-0.260008,0.333142,-0.805981,-0.139091,0.230323,-0.996580,-0.277477,0.123634,-0.725365,-0.242267,0.093468,-0.547652,-0.177040,0.377171,-0.621188,-0.178740,0.301541,-0.812450,-0.257608,0.207531,-0.657551,-0.213473,0.185861,-0.534841,-0.153906
sign_1,0.000000,0.000000,0.000000,0.175817,-0.162441,-0.118324,0.293466,-0.505889,-0.186657,0.258619,-0.788774,-0.250161,0.101596,-0.902405,-0.314013,0.153889,-1.041736,-0.125995,0.159554,-1.557385,-0.224473,0.163264,-1.872326,-0.291841,0.157812,-2.131438,-0.339780,0.000898,-0.991642,-0.129021,-0.018255,-1.207621,-0.298564,0.006082,-0.907147,-0.362494,0.014864,-0.654250,-0.367867,-0.128490,-0.862264,-0.139575,-0.131900,-1.024931,-0.290593,-0.088406,-0.764697,-0.275669,-0.074434,-0.570809,-0.226705,-0.236907,-0.684070,-0.159240,-0.228306,-0.788271,-0.254597,-0.174941,-0.627029,-0.225243,-0.150057,-0.487855,-0.177061
sign_1,0.000000,0.000000,0.000000,0.132282,-0.221105,-0.130970,0.191578,-0.538379,-0.213718,0.139944,-0.786791,-0.290963,-0.016412,-0.912944,-0.365875,0.022576,-1.089736,-0.157616,0.008453,-1.653568,-0.271399,0.000356,-1.995177,-0.346526,-0.028291,-2.274343,-0.398105,-0.104031,-0.982275,-0.155930,-0.172067,-1.171630,-0.349251,-0.094216,-0.857180,-0.414290,-0.026676,-0.599154,-0.415597,-0.210296,-0.819343,-0.162981,-0.250443,-0.937806,-0.324247,-0.146156,-0.683500,-0.307891,-0.068542,-0.491571,-0.254541,-0.289529,-0.626667,-0.181750,-0.316298,-0.692439,-0.283842,-0.228526,-0.561645,-0.263783,-0.154121,-0.462776,-0.219291
sign_1,0.000000,0.000000,0.000000,0.126393,-0.216521,-0.139337,0.181670,-0.544920,-0.230080,0.103350,-0.773921,-0.311228,-0.049502,-0.855470,-0.390891,0.011399,-1.054759,-0.176965,-0.018322,-1.582431,-0.301449,-0.036755,-1.922834,-0.383113,-0.061376,-2.190052,-0.436902,-0.123322,-0.977571,-0.170723,-0.193474,-1.150008,-0.352944,-0.126057,-0.881420,-0.408874,-0.066584,-0.667844,-0.408313,-0.236178,-0.818923,-0.174659,-0.303444,-0.931631,-0.329472,-0.220782,-0.716592,-0.304205,-0.162309,-0.555995,-0.249305,-0.317458,-0.615911,-0.190104,-0.378331,-0.661011,-0.283626,-0.310024,-0.528160,-0.249793,-0.258691,-0.417332,-0.198441
