label,f0,f1,f2,f3,f4,f5,f6,f7,f8,f9,f10,f11,f12,f13,f14,f15,f16,f17,f18,f19,f20,f21,f22,f23,f24,f25,f26,f27,f28,f29,f30,f31,f32,f33,f34,f35,f36,f37,f38,f39,f40,f41,f42,f43,f44,f45,f46,f47,f48,f49,f50,f51,f52,f53,f54,f55,f56,f57,f58,f59,f60,f61,f62,f63,f64,f65,f66,f67,f68,f69,f70,f71,f72,f73,f74,f75,f76,f77,f78,f79,f80,f81,f82,f83,f84,f85,f86,f87,f88,f89,f90,f91,f92,f93,f94,f95,f96,f97,f98,f99,f100,f101,f102,f103,f104,f105,f106,f107,f108,f109,f110,f111,f112,f113,f114,f115,f116,f117,f118,f119,f120,f121,f122,f123,f124,f125,f126,f127
sign_1,0.000000,0.000000,0.000000,0.239762,-0.136121,-0.082621,0.409683,-0.485955,-0.101666,0.434398,-0.790920,-0.110930,0.363289,-1.028517,-0.112658,0.397763,-0.920660,-0.100160,0.532598,-1.377244,-0.179245,0.603586,-1.668125,-0.230692,0.661545,-1.950433,-0.271624,0.248044,-0.962559,-0.109337,0.297316,-1.145176,-0.210944,0.262681,-0.854380,-0.234129,0.234980,-0.696156,-0.237618,0.099518,-0.956359,-0.129029,0.138368,-1.062029,-0.228898,0.131027,-0.778627,-0.206235,0.131630,-0.672456,-0.174274,-0.043506,-0.898185,-0.158874,0.009114,-0.975439,-0.218682,0.032937,-0.775077,-0.191957,0.030364,-0.686213,-0.164480,1.000000,0.000000,0.000000,0.000000,0.000000,0.000000,0.000000,0.000000,0.000000,0.000000,0.000000,0.000000,0.000000,0.000000,0.000000,0.000000,0.000000,0.000000,0.000000,0.000000,0.000000,0.000000,0.000000,0.000000,0.000000,0.000000,0.000000,0.000000,0.000000,0.000000,0.000000,0.000000,0.000000,0.000000,0.000000,0.000000,0.000000,0.000000,0.000000,0.000000,0.000000,0.000000,0.000000,0.000000,0.000000,0.000000,0.000000,0.000000,0.000000,0.000000,0.000000,0.000000,0.000000,0.000000,0.000000,0.000000,0.000000,0.000000,0.000000,0.000000,0.000000,0.000000,0.000000,0.000000,0.000000
sign_1,0.000000,0.000000,0.000000,0.232093,-0.161573,-0.056082,0.406085,-0.461589,-0.088412,0.478781,-0.809950,-0.130825,0.461663,-1.121023,-0.169616,0.427791,-0.900380,-0.014532,0.571845,-1.256024,-0.086731,0.653128,-1.476107,-0.116083,0.706178,-1.690490,-0.135263,0.288468,-0.956789,-0.036620,0.406365,-1.116056,-0.148122,0.340483,-0.772511,-0.149917,0.287138,-0.690536,-0.122369,0.154621,-0.961039,-0.072171,0.264074,-1.025207,-0.206127,0.213618,-0.687791,-0.158743,0.164473,-0.641416,-0.094674,0.013204,-0.933838,-0.112512,0.124619,-0.972037,-0.193658,0.099755,-0.732192,-0.147025,0.044184,-0.697027,-0.094042,1.000000,0.000000,0.000000,0.000000,-0.219670,-0.200764,-0.047500,-0.374594,-0.554543,-0.082878,-0.399169,-0.933331,-0.132333,-0.375138,-1.232453,-0.178058,-0.354313,-0.935136,0.007990,-0.470560,-1.335872,-0.073526,-0.534572,-1.564522,-0.113935,-0.573323,-1.788946,-0.141590,-0.215121,-0.976238,-0.026139,-0.304865,-1.238892,-0.171770,-0.278372,-0.885346,-0.189773,-0.230433,-0.723199,-0.158760,-0.072861,-0.963432,-0.075244,-0.172624,-1.107904,-0.216241,-0.152889,-0.752720,-0.163511,-0.101932,-0.636572,-0.085205,0.074874,-0.908867,-0.130873,-0.040969,-1.032798,-0.204127,-0.042096,-0.792622,-0.153460,0.004611,-0.713012,-0.094018,1.000000
sign_1,0.000000,0.000000,0.000000,0.244253,-0.092238,-0.086818,0.455182,-0.401693,-0.125074,0.535157,-0.793554,-0.169279,0.559296,-1.155783,-0.207641,0.511803,-0.831003,-0.029244,0.703219,-1.199489,-0.104880,0.812904,-1.435466,-0.127404,0.885628,-1.667936,-0.142244,0.364675,-0.930223,-0.041195,0.501006,-1.134603,-0.174630,0.407956,-0.751093,-0.175418,0.340020,-0.646106,-0.139013,0.221685,-0.969686,-0.069528,0.346645,-1.106714,-0.236153,0.268460,-0.711910,-0.181866,0.201284,-0.641153,-0.101465,0.060834,-0.993561,-0.103113,0.195802,-1.087605,-0.214102,0.156985,-0.814322,-0.167411,0.090530,-0.768867,-0.107397,1.000000,0.000000,0.000000,0.000000,-0.232115,-0.155835,-0.048406,-0.409524,-0.516915,-0.077576,-0.451879,-0.926978,-0.122225,-0.456182,-1.256412,-0.163668,-0.408657,-0.892836,0.021659,-0.547288,-1.292503,-0.059933,-0.632520,-1.519936,-0.096399,-0.687028,-1.746922,-0.120595,-0.271122,-0.962434,-0.014614,-0.368490,-1.270724,-0.167539,-0.323166,-0.886672,-0.181202,-0.260071,-0.706062,-0.140126,-0.124154,-0.976246,-0.067719,-0.229634,-1.131038,-0.213100,-0.188529,-0.756031,-0.155053,-0.127271,-0.642011,-0.068797,0.025325,-0.950698,-0.127897,-0.094977,-1.075297,-0.199015,-0.079100,-0.835868,-0.143752,-0.022470,-0.782229,-0.080622,1.000000
sign_1,0.000000,0.000000,0.000000,0.224312,-0.074527,-0.096361,0.440056,-0.364626,-0.142507,0.534707,-0.736775,-0.191090,0.550937,-1.097273,-0.235726,0.516335,-0.815272,-0.052605,0.719140,-1.157252,-0.139407,0.846477,-1.388334,-0.175650,0.927758,-1.614149,-0.198278,0.368163,-0.927574,-0.063737,0.503681,-1.124431,-0.203244,0.405483,-0.743495,-0.212519,0.333056,-0.632159,-0.180021,0.217396,-0.965051,-0.090033,0.333125,-1.087556,-0.261236,0.256400,-0.690102,-0.210329,0.190937,-0.609815,-0.129140,0.050413,-0.971589,-0.121864,0.179145,-1.082342,-0.237331,0.150482,-0.797909,-0.185667,0.090890,-0.725096,-0.118268,1.000000,0.000000,0.000000,0.000000,-0.210231,-0.140683,-0.049493,-0.403166,-0.508461,-0.078717,-0.447996,-0.923346,-0.123357,-0.456543,-1.254191,-0.167080,-0.408319,-0.883791,0.004560,-0.555871,-1.279776,-0.077519,-0.645986,-1.510638,-0.111110,-0.704364,-1.746784,-0.133887,-0.272006,-0.961764,-0.031995,-0.375841,-1.281569,-0.177055,-0.322055,-0.876374,-0.180570,-0.253236,-0.692196,-0.135459,-0.121590,-0.983343,-0.084416,-0.233063,-1.183576,-0.232882,-0.184773,-0.762492,-0.165472,-0.117794,-0.602354,-0.072428,0.033497,-0.956941,-0.143364,-0.088923,-1.141246,-0.227934,-0.078733,-0.854812,-0.170713,-0.027064,-0.735299,-0.103643,1.000000
sign_1,0.000000,0.000000,0.000000,0.220575,-0.056609,-0.106992,0.439814,-0.341569,-0.158319,0.536224,-0.722909,-0.210175,0.549114,-1.086605,-0.258505,0.536611,-0.801923,-0.060905,0.748309,-1.147426,-0.154879,0.884604,-1.390147,-0.201073,0.973443,-1.619440,-0.230545,0.385195,-0.920380,-0.067278,0.507010,-1.128963,-0.220534,0.406940,-0.750594,-0.240242,0.334278,-0.601829,-0.211003,0.227101,-0.963205,-0.089016,0.324636,-1.095982,-0.260778,0.255300,-0.706405,-0.211559,0.198121,-0.591935,-0.130539,0.053713,-0.972602,-0.118144,0.162438,-1.073598,-0.232246,0.138441,-0.794392,-0.181963,0.090336,-0.705261,-0.114074,1.000000,0.000000,0.000000,0.000000,-0.207576,-0.143649,-0.063197,-0.392437,-0.505194,-0.097161,-0.433952,-0.910166,-0.143100,-0.456579,-1.238876,-0.186409,-0.412239,-0.886651,-0.004274,-0.560361,-1.269764,-0.089537,-0.653104,-1.496953,-0.123635,-0.716477,-1.728805,-0.145184,-0.269544,-0.962366,-0.034612,-0.368472,-1.279414,-0.180228,-0.310526,-0.868879,-0.181930,-0.244703,-0.687110,-0.134899,-0.114834,-0.980795,-0.082577,-0.214954,-1.183469,-0.235746,-0.168977,-0.753402,-0.167120,-0.110895,-0.589938,-0.071356,0.040490,-0.951182,-0.137910,-0.071132,-1.141935,-0.224985,-0.062443,-0.846160,-0.165507,-0.018769,-0.717830,-0.095536,1.000000
sign_1,0.000000,0.000000,0.000000,0.214078,-0.021106,-0.126232,0.446384,-0.301331,-0.188006,0.537166,-0.721387,-0.245905,0.542463,-1.098660,-0.296589,0.585264,-0.753118,-0.084448,0.815265,-1.097405,-0.191339,0.959555,-1.337475,-0.238185,1.058083,-1.571427,-0.267704,0.428380,-0.899699,-0.083856,0.522900,-1.093219,-0.244713,0.402102,-0.696878,-0.252229,0.345439,-0.577279,-0.214798,0.267181,-0.962596,-0.101605,0.340156,-1.093109,-0.283979,0.256538,-0.680566,-0.221546,0.211296,-0.584802,-0.132102,0.090361,-0.990842,-0.128974,0.175058,-1.073656,-0.253978,0.135257,-0.786401,-0.201896,0.093018,-0.722984,-0.131751,1.000000,0.000000,0.000000,0.000000,-0.205850,-0.119890,-0.090378,-0.395306,-0.468355,-0.138080,-0.447289,-0.880661,-0.191766,-0.445822,-1.223962,-0.238986,-0.446741,-0.862053,-0.022317,-0.604782,-1.239933,-0.119212,-0.705193,-1.471115,-0.157766,-0.773215,-1.703621,-0.179692,-0.300399,-0.952974,-0.040003,-0.389732,-1.286330,-0.197642,-0.319765,-0.879823,-0.199623,-0.255615,-0.714061,-0.146901,-0.141590,-0.983116,-0.078136,-0.219035,-1.190049,-0.242491,-0.169594,-0.758865,-0.174060,-0.119987,-0.612724,-0.072650,0.015486,-0.959003,-0.125701,-0.071941,-1.144909,-0.217009,-0.058069,-0.847328,-0.157567,-0.021848,-0.730782,-0.084202,1.000000
sign_1,0.000000,0.000000,0.000000,0.211294,-0.023175,-0.141045,0.436387,-0.278393,-0.207691,0.545982,-0.656957,-0.266136,0.575538,-1.028911,-0.316131,0.614066,-0.719583,-0.098168,0.861864,-1.021336,-0.213370,1.013980,-1.238333,-0.267473,1.123384,-1.455637,-0.299535,0.466024,-0.880155,-0.090271,0.565964,-1.076406,-0.259382,0.433528,-0.705136,-0.273812,0.374708,-0.562819,-0.236894,0.304390,-0.968599,-0.102561,0.367289,-1.063949,-0.290234,0.267225,-0.672945,-0.239328,0.229606,-0.571631,-0.152984,0.130844,-1.016841,-0.125485,0.200095,-1.065915,-0.250690,0.150161,-0.778955,-0.204641,0.117254,-0.704760,-0.136375,1.000000,0.000000,0.000000,0.000000,-0.215471,-0.131329,-0.094250,-0.406366,-0.453247,-0.148738,-0.476906,-0.854957,-0.210232,-0.495920,-1.205600,-0.264174,-0.470589,-0.839549,-0.016204,-0.646959,-1.207102,-0.119318,-0.761476,-1.440237,-0.160956,-0.839946,-1.670898,-0.184144,-0.323053,-0.945755,-0.034409,-0.426336,-1.269138,-0.198456,-0.343480,-0.865397,-0.200661,-0.275531,-0.716730,-0.145387,-0.163423,-0.992292,-0.075064,-0.247885,-1.177305,-0.242067,-0.187307,-0.756403,-0.171130,-0.134760,-0.636317,-0.067075,-0.005052,-0.985373,-0.126367,-0.099003,-1.137744,-0.216632,-0.073821,-0.847174,-0.155715,-0.031991,-0.755749,-0.080995,1.000000
sign_1,0.000000,0.000000,0.000000,0.252160,0.016050,-0.149392,0.534451,-0.186338,-0.213484,0.692518,-0.569822,-0.271650,0.742516,-0.976680,-0.322371,0.766251,-0.550322,-0.068792,1.068341,-0.795765,-0.183993,1.249041,-0.968368,-0.251675,1.400536,-1.151199,-0.295429,0.632243,-0.772560,-0.058481,0.758305,-0.982384,-0.242120,0.594282,-0.679674,-0.287186,0.516925,-0.521426,-0.267760,0.473542,-0.923916,-0.068872,0.544057,-1.053131,-0.264940,0.412780,-0.719090,-0.231759,0.363890,-0.596676,-0.153191,0.300873,-1.037457,-0.090324,0.384946,-1.131643,-0.217118,0.308682,-0.869736,-0.172715,0.267296,-0.768459,-0.101684,1.000000,0.000000,0.000000,0.000000,-0.238110,-0.120849,-0.116836,-0.469550,-0.364236,-0.182441,-0.589643,-0.736529,-0.252372,-0.643501,-1.095093,-0.309446,-0.604940,-0.738966,-0.010853,-0.831669,-1.037271,-0.122190,-0.973728,-1.227618,-0.168304,-1.075525,-1.441746,-0.192767,-0.453284,-0.891147,-0.019790,-0.581300,-1.187511,-0.196411,-0.463807,-0.798437,-0.206389,-0.382270,-0.670645,-0.151820,-0.285753,-0.980433,-0.055568,-0.370038,-1.145810,-0.241893,-0.281185,-0.718791,-0.179433,-0.223807,-0.607940,-0.073805,-0.111844,-1.014092,-0.103055,-0.204460,-1.149150,-0.202951,-0.162536,-0.843442,-0.145056,-0.121177,-0.740282,-0.068271,1.000000
sign_1,0.000000,0.000000,0.000000,0.252160,0.137051,-0.246745,0.560656,0.061743,-0.344655,0.777127,-0.287027,-0.422058,0.912927,-0.699229,-0.485716,0.976316,-0.198143,-0.117605,1.346908,-0.319048,-0.254043,1.584063,-0.422837,-0.339798,1.780274,-0.533744,-0.394480,0.855870,-0.513112,-0.064827,0.970993,-0.760112,-0.291793,0.744443,-0.524685,-0.360671,0.636715,-0.331482,-0.343747,0.701401,-0.765325,-0.043549,0.733825,-0.951729,-0.279545,0.551338,-0.655120,-0.272503,0.495243,-0.465941,-0.197563,0.539226,-0.964883,-0.042447,0.573833,-1.124743,-0.202643,0.457126,-0.876026,-0.182633,0.413069,-0.695848,-0.117018,1.000000,0.000000,0.000000,0.000000,-0.258082,0.006786,-0.163113,-0.555113,-0.144238,-0.243295,-0.752601,-0.514082,-0.318343,-0.883019,-0.871440,-0.375031,-0.824455,-0.468018,-0.066042,-1.159460,-0.634418,-0.223382,-1.368759,-0.738269,-0.298268,-1.550389,-0.902481,-0.339388,-0.684152,-0.726795,-0.060873,-0.832820,-1.060575,-0.296342,-0.626885,-0.702641,-0.324285,-0.545111,-0.568404,-0.269341,-0.519644,-0.917836,-0.086599,-0.580835,-1.117741,-0.322330,-0.426890,-0.699416,-0.258590,-0.398576,-0.577625,-0.140206,-0.341808,-1.043820,-0.127377,-0.394932,-1.225038,-0.254973,-0.303311,-0.908713,-0.193384,-0.285692,-0.779528,-0.106582,1.000000
sign_1,0.000000,0.000000,0.000000,0.214527,0.195938,-0.326635,0.510083,0.222790,-0.469093,0.745172,-0.061158,-0.579508,0.927939,-0.422002,-0.670286,1.046355,0.140451,-0.202535,1.432400,0.214163,-0.379342,1.685906,0.220980,-0.480045,1.909393,0.207062,-0.542679,0.962684,-0.237665,-0.129438,1.049525,-0.440475,-0.389708,0.748613,-0.265955,-0.445264,0.642940,-0.077220,-0.416000,0.838926,-0.576116,-0.099730,0.844049,-0.765771,-0.383265,0.576828,-0.531336,-0.364374,0.527170,-0.335939,-0.275100,0.700593,-0.870139,-0.097998,0.716581,-1.040353,-0.299371,0.531062,-0.817933,-0.282125,0.472535,-0.628098,-0.213451,1.000000,0.000000,0.000000,0.000000,-0.249449,0.031174,-0.216981,-0.524759,-0.069677,-0.321852,-0.723167,-0.398122,-0.411849,-0.894715,-0.722258,-0.481707,-0.903358,-0.317504,-0.092882,-1.223923,-0.403665,-0.249010,-1.449893,-0.444573,-0.337831,-1.639674,-0.545731,-0.393202,-0.760533,-0.646128,-0.064091,-0.865893,-0.925288,-0.312159,-0.631979,-0.613950,-0.358188,-0.537723,-0.473003,-0.316772,-0.589315,-0.893924,-0.071693,-0.636217,-1.074829,-0.308409,-0.455396,-0.708886,-0.260918,-0.422252,-0.567669,-0.158966,-0.408818,-1.061944,-0.100188,-0.465386,-1.246383,-0.237670,-0.347605,-0.954695,-0.194287,-0.324572,-0.818478,-0.121546,1.000000
sign_1,0.000000,0.000000,0.000000,0.191195,0.214709,-0.311141,0.476369,0.210764,-0.436883,0.674411,-0.142708,-0.522902,0.830700,-0.532179,-0.586510,0.998638,0.073931,-0.239306,1.404468,0.102902,-0.416523,1.650000,0.092452,-0.512007,1.876241,0.061038,-0.569612,0.938281,-0.300422,-0.171391,1.012426,-0.544786,-0.409887,0.730873,-0.370406,-0.451031,0.641448,-0.169806,-0.419693,0.828685,-0.636441,-0.143383,0.797710,-0.855738,-0.407217,0.526369,-0.609463,-0.384091,0.499467,-0.394119,-0.298705,0.693693,-0.909346,-0.142132,0.672108,-1.112225,-0.321547,0.487974,-0.879321,-0.295299,0.441779,-0.685944,-0.225534,1.000000,0.000000,0.000000,0.000000,-0.236951,0.056175,-0.213515,-0.521092,-0.015280,-0.335699,-0.721269,-0.371141,-0.445010,-0.907340,-0.705688,-0.535017,-0.933786,-0.242310,-0.129690,-1.263409,-0.317587,-0.312177,-1.505935,-0.341049,-0.407699,-1.704371,-0.421722,-0.465415,-0.791556,-0.601123,-0.109953,-0.901794,-0.862312,-0.359624,-0.640795,-0.516001,-0.377346,-0.566576,-0.390070,-0.318892,-0.618067,-0.879890,-0.127540,-0.678911,-1.058547,-0.366156,-0.470139,-0.665007,-0.276770,-0.441181,-0.535393,-0.150933,-0.427328,-1.069302,-0.167273,-0.509063,-1.251936,-0.313233,-0.362966,-0.940429,-0.245890,-0.332423,-0.808076,-0.155039,1.000000
sign_1,0.000000,0.000000,0.000000,0.204417,0.180354,-0.346645,0.484341,0.133424,-0.478403,0.665141,-0.235296,-0.561776,0.807918,-0.655761,-0.620179,1.001831,-0.027840,-0.237896,1.376006,-0.073357,-0.416231,1.624800,-0.144247,-0.510863,1.848287,-0.215448,-0.565222,0.906867,-0.391799,-0.155192,0.991792,-0.641171,-0.406822,0.707928,-0.461090,-0.454942,0.619535,-0.265848,-0.416315,0.772742,-0.717536,-0.117036,0.743039,-0.928527,-0.402905,0.483121,-0.653856,-0.394720,0.466175,-0.448599,-0.307274,0.619810,-0.981248,-0.107715,0.599194,-1.178533,-0.308618,0.428825,-0.915058,-0.293288,0.385477,-0.716260,-0.223831,1.000000,0.000000,0.000000,0.000000,-0.226405,0.052074,-0.217309,-0.500039,-0.030200,-0.344972,-0.694970,-0.379064,-0.459449,-0.879712,-0.702162,-0.555625,-0.922338,-0.252325,-0.142413,-1.245956,-0.340116,-0.327467,-1.489400,-0.375736,-0.426563,-1.681374,-0.467010,-0.487119,-0.778881,-0.615366,-0.121115,-0.880139,-0.881002,-0.370380,-0.624338,-0.521896,-0.385964,-0.546327,-0.385404,-0.327324,-0.604204,-0.891985,-0.137016,-0.658302,-1.067392,-0.367766,-0.460510,-0.669044,-0.274307,-0.428998,-0.532018,-0.148841,-0.413303,-1.067470,-0.176400,-0.490434,-1.255077,-0.315782,-0.354113,-0.943697,-0.247027,-0.323545,-0.809168,-0.157144,1.000000
sign_1,0.000000,0.000000,0.000000,0.212709,0.121437,-0.297605,0.492513,0.024956,-0.396013,0.639661,-0.371474,-0.453481,0.741158,-0.783268,-0.487191,0.951673,-0.200554,-0.192538,1.309293,-0.311871,-0.349708,1.542690,-0.387383,-0.431493,1.752137,-0.467991,-0.477913,0.838565,-0.529887,-0.126606,0.892033,-0.758660,-0.346335,0.643616,-0.538178,-0.387827,0.581312,-0.347642,-0.355980,0.693555,-0.808594,-0.101380,0.662626,-0.994762,-0.358756,0.433683,-0.692603,-0.353034,0.432611,-0.498425,-0.277648,0.530556,-1.018116,-0.101460,0.508351,-1.207796,-0.282327,0.364526,-0.930851,-0.266782,0.332665,-0.736497,-0.204173,1.000000,0.000000,0.000000,0.000000,-0.217581,0.044161,-0.225434,-0.488840,-0.055103,-0.354759,-0.674378,-0.418365,-0.467850,-0.846427,-0.758712,-0.561214,-0.901396,-0.293895,-0.153430,-1.214757,-0.391562,-0.331709,-1.451029,-0.443741,-0.420572,-1.638355,-0.551136,-0.473657,-0.758316,-0.639636,-0.125789,-0.834966,-0.921865,-0.363958,-0.579255,-0.546583,-0.368109,-0.518852,-0.410493,-0.303672,-0.584000,-0.903169,-0.135608,-0.618068,-1.093334,-0.365019,-0.426303,-0.688465,-0.270842,-0.410716,-0.559172,-0.145796,-0.399084,-1.067021,-0.168659,-0.457956,-1.262298,-0.309604,-0.324035,-0.950845,-0.241627,-0.299619,-0.822829,-0.152219,1.000000
sign_1,0.000000,0.000000,0.000000,0.190582,0.096532,-0.279898,0.451332,-0.065970,-0.374576,0.572602,-0.497410,-0.432149,0.641659,-0.925583,-0.466591,0.879204,-0.334652,-0.189611,1.227585,-0.512846,-0.346067,1.435461,-0.629784,-0.432005,1.633339,-0.756331,-0.483404,0.764122,-0.632201,-0.128219,0.768051,-0.874881,-0.348162,0.554353,-0.611431,-0.395352,0.512804,-0.397815,-0.373484,0.616082,-0.874124,-0.104120,0.575267,-1.083465,-0.357620,0.372116,-0.749687,-0.348617,0.367933,-0.539128,-0.274651,0.455865,-1.033885,-0.103748,0.435883,-1.249788,-0.290895,0.304850,-0.955771,-0.276933,0.268915,-0.730139,-0.213879,1.000000,0.000000,0.000000,0.000000,-0.222864,0.042608,-0.221747,-0.497550,-0.069963,-0.346673,-0.685133,-0.441733,-0.456499,-0.850360,-0.799099,-0.547936,-0.884254,-0.317333,-0.148227,-1.205268,-0.432612,-0.327126,-1.437494,-0.490007,-0.416909,-1.622823,-0.608919,-0.469990,-0.738556,-0.662999,-0.122339,-0.832543,-0.946849,-0.365573,-0.589360,-0.562873,-0.375949,-0.522668,-0.422245,-0.314563,-0.562399,-0.920099,-0.133444,-0.601923,-1.103038,-0.367040,-0.415622,-0.688177,-0.278266,-0.392809,-0.558516,-0.154200,-0.377775,-1.075739,-0.167033,-0.441829,-1.271974,-0.305530,-0.313392,-0.958910,-0.237043,-0.283877,-0.835780,-0.147104,1.000000
sign_1,0.000000,0.000000,0.000000,0.205283,-0.062885,-0.203195,0.427515,-0.331904,-0.272207,0.506212,-0.746879,-0.319175,0.502497,-1.135906,-0.347500,0.726271,-0.643348,-0.100577,0.984282,-0.969009,-0.204790,1.151720,-1.166875,-0.267093,1.295416,-1.356438,-0.308150,0.570369,-0.819042,-0.062047,0.597236,-1.124243,-0.226376,0.486021,-0.856407,-0.273260,0.465011,-0.675555,-0.260170,0.398715,-0.916447,-0.050327,0.390488,-1.154524,-0.238961,0.303640,-0.832193,-0.242699,0.317664,-0.665962,-0.190748,0.228585,-0.935331,-0.055356,0.233543,-1.149916,-0.184478,0.187513,-0.945068,-0.173510,0.189380,-0.809508,-0.128295,1.000000,0.000000,0.000000,0.000000,-0.244498,-0.084786,-0.151602,-0.478740,-0.325980,-0.230435,-0.598524,-0.732442,-0.308329,-0.695616,-1.107910,-0.375312,-0.701646,-0.629561,-0.066381,-0.989283,-0.927898,-0.196104,-1.166225,-1.101500,-0.272035,-1.314220,-1.301972,-0.319584,-0.540563,-0.838549,-0.068017,-0.628631,-1.203510,-0.285687,-0.486328,-0.839089,-0.337908,-0.425152,-0.635945,-0.312742,-0.364608,-0.974932,-0.094739,-0.411410,-1.231359,-0.298024,-0.304997,-0.821628,-0.258656,-0.284027,-0.639775,-0.172655,-0.193414,-1.035822,-0.136448,-0.246802,-1.278219,-0.244455,-0.189622,-0.978329,-0.191228,-0.174969,-0.814644,-0.118496,1.000000
sign_1,0.000000,0.000000,0.000000,0.195468,-0.188662,-0.108158,0.338888,-0.537405,-0.147149,0.326487,-0.926890,-0.179525,0.265953,-1.249371,-0.199742,0.418177,-0.910272,-0.051329,0.523675,-1.348844,-0.132824,0.569263,-1.611697,-0.180111,0.604465,-1.869904,-0.214559,0.270146,-0.961286,-0.054314,0.284093,-1.183634,-0.175381,0.246026,-0.879444,-0.208639,0.242404,-0.778154,-0.205610,0.121429,-0.954117,-0.073462,0.118315,-1.079722,-0.217148,0.113292,-0.725808,-0.201522,0.130712,-0.645275,-0.156692,-0.024713,-0.907024,-0.101589,-0.011729,-1.049658,-0.189301,0.000957,-0.802065,-0.153709,0.006443,-0.705936,-0.107804,1.000000,0.000000,0.000000,0.000000,-0.222116,-0.163190,-0.090364,-0.421472,-0.502675,-0.142996,-0.479698,-0.909564,-0.206917,-0.400178,-1.240525,-0.266968,-0.461458,-0.877451,-0.023168,-0.610496,-1.365419,-0.133463,-0.676661,-1.662186,-0.193427,-0.715308,-1.954399,-0.229326,-0.310244,-0.949660,-0.043528,-0.394605,-1.258326,-0.214653,-0.361355,-0.891100,-0.235864,-0.317912,-0.731644,-0.199289,-0.152266,-0.969342,-0.085766,-0.206897,-1.145152,-0.235774,-0.195770,-0.778933,-0.183871,-0.160182,-0.679840,-0.100933,0.017890,-0.964962,-0.141360,-0.040257,-1.133600,-0.207999,-0.053259,-0.872329,-0.153321,-0.030332,-0.762544,-0.088671,1.000000
sign_1,0.000000,0.000000,0.000000,0.188480,-0.185791,-0.070632,0.307142,-0.588935,-0.100396,0.312413,-0.971303,-0.133477,0.221260,-1.238857,-0.162274,0.279358,-1.001172,-0.041754,0.305356,-1.465312,-0.118312,0.296038,-1.745711,-0.155187,0.266060,-1.987101,-0.179448,0.138022,-0.988860,-0.055728,0.197196,-1.196823,-0.168283,0.198151,-0.861574,-0.181498,0.172737,-0.745740,-0.162660,0.006711,-0.926063,-0.081572,0.073059,-1.053013,-0.215599,0.086607,-0.710713,-0.177739,0.056844,-0.618078,-0.118736,-0.123790,-0.832142,-0.112725,-0.044443,-0.955566,-0.194935,-0.015882,-0.721061,-0.149060,-0.044010,-0.631625,-0.095884,1.000000,0.000000,0.000000,0.000000,-0.188310,-0.159185,-0.078824,-0.337725,-0.545168,-0.133124,-0.356117,-0.943869,-0.196268,-0.327344,-1.262437,-0.254511,-0.306566,-0.979082,-0.036930,-0.379948,-1.436522,-0.142836,-0.420645,-1.721346,-0.185528,-0.419325,-1.988703,-0.209441,-0.159743,-0.985140,-0.063090,-0.229424,-1.261903,-0.225978,-0.233987,-0.844066,-0.225904,-0.194872,-0.723347,-0.176623,-0.014508,-0.941277,-0.109409,-0.090395,-1.077787,-0.263431,-0.107285,-0.689094,-0.189595,-0.074118,-0.633893,-0.095397,0.130519,-0.867088,-0.166194,0.031651,-0.972370,-0.242296,0.004008,-0.703776,-0.178862,0.034004,-0.652601,-0.110150,1.000000
sign_1,0.000000,0.000000,0.000000,0.182756,-0.161298,-0.087833,0.316437,-0.553055,-0.128492,0.313274,-0.943150,-0.170401,0.231755,-1.240526,-0.208391,0.271741,-1.004282,-0.051266,0.310481,-1.456360,-0.119601,0.313386,-1.750882,-0.145080,0.286085,-1.995657,-0.163348,0.129513,-0.989873,-0.058113,0.204988,-1.217591,-0.173393,0.208529,-0.830509,-0.176534,0.171109,-0.693832,-0.146019,0.007281,-0.916773,-0.077566,0.084014,-1.078197,-0.220512,0.097793,-0.693988,-0.171760,0.054511,-0.589457,-0.101680,-0.124852,-0.817255,-0.102674,-0.028719,-0.961942,-0.201573,-0.009373,-0.703869,-0.157542,-0.054936,-0.622611,-0.102695,1.000000,0.000000,0.000000,0.000000,-0.174005,-0.157386,-0.073447,-0.315755,-0.552680,-0.123276,-0.310379,-0.938196,-0.182586,-0.268672,-1.250254,-0.235831,-0.271313,-1.007634,-0.038271,-0.332183,-1.451414,-0.140961,-0.361464,-1.721976,-0.183709,-0.353178,-1.974546,-0.208148,-0.129741,-0.989361,-0.065818,-0.186559,-1.268414,-0.223205,-0.200910,-0.858987,-0.223294,-0.162148,-0.734443,-0.175856,0.012697,-0.928063,-0.111900,-0.053205,-1.098652,-0.263847,-0.082618,-0.702315,-0.188698,-0.050221,-0.615926,-0.093436,0.152313,-0.829598,-0.167465,0.072688,-0.989280,-0.244359,0.029971,-0.717888,-0.177794,0.052253,-0.636464,-0.105621,1.000000
sign_1,0.000000,0.000000,0.000000,0.188569,-0.143908,-0.101889,0.316102,-0.557233,-0.148752,0.324726,-0.964301,-0.194621,0.234490,-1.269491,-0.234870,0.289090,-0.994747,-0.070567,0.336064,-1.467348,-0.149306,0.342708,-1.763471,-0.175925,0.318233,-2.022469,-0.193313,0.140052,-0.987398,-0.073698,0.214402,-1.196417,-0.196763,0.205484,-0.797328,-0.193157,0.162472,-0.692685,-0.157067,0.009176,-0.924164,-0.091853,0.086154,-1.079907,-0.246359,0.095030,-0.675660,-0.191247,0.050351,-0.587459,-0.114339,-0.127710,-0.836000,-0.117008,-0.033668,-0.969703,-0.224304,-0.009560,-0.706792,-0.178280,-0.050785,-0.633287,-0.119787,1.000000,0.000000,0.000000,0.000000,-0.178486,-0.165776,-0.070181,-0.315695,-0.573520,-0.116863,-0.304627,-0.969000,-0.173890,-0.248535,-1.279070,-0.226366,-0.267197,-1.007585,-0.029936,-0.324842,-1.461227,-0.129380,-0.353545,-1.736269,-0.171369,-0.346524,-1.990814,-0.195611,-0.125670,-0.990388,-0.057773,-0.179320,-1.286716,-0.216075,-0.196212,-0.875125,-0.218565,-0.161276,-0.719814,-0.171303,0.015326,-0.931535,-0.103673,-0.050880,-1.125662,-0.256963,-0.081451,-0.717475,-0.185130,-0.053048,-0.597497,-0.089936,0.153748,-0.836245,-0.158271,0.072812,-1.008554,-0.235916,0.030248,-0.730850,-0.171834,0.050998,-0.633448,-0.100723,1.000000
sign_1,0.000000,0.000000,0.000000,0.182295,-0.191977,-0.076829,0.311539,-0.588273,-0.113049,0.331353,-0.953536,-0.154016,0.263872,-1.249823,-0.191112,0.247636,-1.006785,-0.042357,0.285142,-1.464061,-0.113992,0.289990,-1.737759,-0.141560,0.262508,-1.973872,-0.158854,0.117007,-0.991606,-0.055019,0.215833,-1.214605,-0.168062,0.220536,-0.846551,-0.170226,0.179901,-0.733878,-0.140433,-0.001080,-0.926136,-0.081221,0.104337,-1.076979,-0.226292,0.113796,-0.700024,-0.181520,0.064580,-0.605289,-0.113003,-0.126645,-0.830999,-0.112238,-0.014530,-0.981473,-0.212005,0.011428,-0.733359,-0.169631,-0.033486,-0.644310,-0.115233,1.000000,0.000000,0.000000,0.000000,-0.170513,-0.199817,-0.071609,-0.291507,-0.599576,-0.120058,-0.295996,-0.972610,-0.180166,-0.242600,-1.275813,-0.234105,-0.237605,-1.011651,-0.017068,-0.286287,-1.446072,-0.116670,-0.303652,-1.706418,-0.156970,-0.286938,-1.946528,-0.178577,-0.103213,-0.993629,-0.045262,-0.152649,-1.293061,-0.204011,-0.174063,-0.902964,-0.211294,-0.145103,-0.763665,-0.165541,0.034020,-0.927106,-0.092241,-0.030555,-1.093407,-0.248210,-0.062217,-0.712072,-0.184115,-0.033132,-0.610408,-0.091523,0.166634,-0.818064,-0.147856,0.088293,-0.973181,-0.224881,0.043009,-0.717217,-0.163859,0.060845,-0.626273,-0.093622,1.000000
sign_1,0.000000,0.000000,0.000000,0.183438,-0.375903,0.004456,0.229202,-0.728495,-0.021052,0.263093,-0.984090,-0.066374,0.254448,-1.217278,-0.104219,-0.051524,-1.051744,0.003385,-0.035091,-1.387610,-0.058299,-0.053881,-1.628264,-0.100601,-0.085194,-1.842869,-0.134117,-0.121994,-0.991223,-0.050942,0.147039,-1.183832,-0.151063,0.202596,-0.921217,-0.170087,0.155644,-0.795272,-0.161538,-0.137475,-0.888852,-0.110355,0.136649,-1.031156,-0.198275,0.176500,-0.798516,-0.166191,0.119879,-0.697403,-0.125076,-0.108043,-0.759420,-0.173984,0.118474,-0.896668,-0.223691,0.164314,-0.747253,-0.192749,0.125664,-0.650158,-0.158600,1.000000,0.000000,0.000000,0.000000,-0.159497,-0.319838,-0.012713,-0.213227,-0.676441,-0.042259,-0.228053,-0.946496,-0.092252,-0.227144,-1.195950,-0.140693,0.016321,-1.047814,0.009895,-0.006956,-1.423064,-0.067958,-0.021864,-1.677187,-0.111645,-0.018926,-1.887886,-0.144514,0.107149,-0.993296,-0.043377,-0.127620,-1.177710,-0.173681,-0.204608,-0.877237,-0.188404,-0.169847,-0.717770,-0.165822,0.168610,-0.872656,-0.108531,-0.076903,-0.959829,-0.228515,-0.122388,-0.699705,-0.178388,-0.065361,-0.595335,-0.113311,0.201162,-0.703309,-0.179431,-0.003461,-0.801255,-0.248081,-0.061278,-0.641324,-0.210626,-0.023791,-0.561184,-0.163888,1.000000
sign_1,0.000000,0.000000,0.000000,-0.091597,-0.385788,0.057097,-0.087584,-0.794220,0.041167,0.024286,-1.086857,0.009040,0.163654,-1.189037,-0.027037,-0.131326,-1.000827,-0.076685,-0.131518,-1.547803,-0.114682,-0.131426,-1.860887,-0.126603,-0.137946,-2.109259,-0.137888,-0.019603,-0.990874,-0.133358,0.183011,-1.274813,-0.168431,0.207403,-1.098350,-0.144128,0.158435,-0.961417,-0.126317,0.123233,-0.908242,-0.176948,0.286076,-1.091637,-0.182260,0.282630,-0.940998,-0.120523,0.233911,-0.833296,-0.086218,0.263123,-0.809191,-0.218425,0.374832,-0.973374,-0.180581,0.357633,-0.831525,-0.108666,0.314565,-0.728526,-0.063359,1.000000,0.000000,0.000000,0.000000,0.015790,-0.439373,0.059959,-0.054064,-0.804533,0.052696,-0.172367,-0.959966,0.026103,-0.297419,-0.974378,-0.009051,-0.051966,-1.056666,-0.024348,-0.103832,-1.499904,-0.055687,-0.136549,-1.760556,-0.064306,-0.161734,-1.977844,-0.075796,-0.130749,-0.988168,-0.080175,-0.375861,-1.162505,-0.122260,-0.376083,-0.980200,-0.102524,-0.311485,-0.870146,-0.086048,-0.220858,-0.853884,-0.127385,-0.441221,-0.864019,-0.142394,-0.409578,-0.722730,-0.101144,-0.337838,-0.679398,-0.079852,-0.310777,-0.701539,-0.172449,-0.461978,-0.694434,-0.170538,-0.427752,-0.561169,-0.133796,-0.365407,-0.515834,-0.107388,1.000000
sign_1,0.000000,0.000000,0.000000,-0.139963,-0.369355,0.067726,-0.091425,-0.724267,0.073807,0.018007,-0.901290,0.066572,0.132395,-0.889794,0.048947,-0.009287,-1.032044,-0.033797,0.053838,-1.472295,-0.039956,0.101854,-1.750617,-0.052881,0.148804,-1.959203,-0.066583,0.137281,-0.988557,-0.062520,0.181511,-1.002642,-0.019323,0.148553,-0.888485,0.012097,0.124340,-0.809326,0.016553,0.262012,-0.799547,-0.075649,0.230484,-0.787636,-0.015701,0.197864,-0.703472,0.025072,0.175323,-0.622152,0.030356,0.351164,-0.598740,-0.084615,0.316528,-0.604288,-0.006622,0.276888,-0.532553,0.057387,0.251071,-0.456572,0.091706,1.000000,0.000000,0.000000,0.000000,0.068201,-0.462494,0.070360,-0.003482,-0.786281,0.089437,-0.098332,-0.981423,0.094386,-0.197224,-1.017211,0.090397,-0.097219,-1.064388,-0.006330,-0.177531,-1.521927,0.002380,-0.230430,-1.782422,0.009888,-0.281751,-1.977514,0.009316,-0.244935,-0.968860,-0.036300,-0.319708,-1.071244,-0.000248,-0.276453,-0.927250,0.039459,-0.225194,-0.820293,0.053788,-0.349368,-0.772668,-0.053127,-0.381072,-0.809268,0.003709,-0.332180,-0.703665,0.054764,-0.290637,-0.611132,0.067024,-0.430599,-0.550403,-0.067170,-0.441184,-0.609066,-0.010694,-0.391641,-0.514941,0.042359,-0.348041,-0.431154,0.073934,1.000000
sign_1,0.000000,0.000000,0.000000,-0.113686,-0.389993,0.081695,-0.053417,-0.751361,0.106913,0.061778,-0.909433,0.116682,0.171703,-0.888036,0.117252,0.036105,-1.053828,0.013941,0.113239,-1.490945,0.034144,0.167043,-1.754596,0.043278,0.215342,-1.950810,0.043026,0.180739,-0.983362,-0.018246,0.219302,-1.007908,0.033356,0.169678,-0.896037,0.065629,0.134085,-0.821453,0.072890,0.292255,-0.790838,-0.034865,0.267748,-0.808769,0.024775,0.220889,-0.721294,0.061114,0.187497,-0.645389,0.065473,0.368812,-0.598496,-0.045214,0.335700,-0.635643,0.027268,0.290545,-0.560301,0.086176,0.256224,-0.482468,0.118881,1.000000,0.000000,0.000000,0.000000,0.072240,-0.435191,0.074297,-0.000091,-0.756084,0.100734,-0.102108,-0.955416,0.114537,-0.194078,-1.008750,0.118585,-0.127306,-1.064219,0.001101,-0.229066,-1.518110,0.017856,-0.292167,-1.771022,0.034045,-0.350745,-1.953963,0.040600,-0.272113,-0.961950,-0.024649,-0.356114,-1.029966,0.017034,-0.311481,-0.878930,0.058893,-0.256142,-0.776296,0.076754,-0.370225,-0.758584,-0.036470,-0.403367,-0.744488,0.014082,-0.347208,-0.634376,0.055561,-0.299541,-0.549641,0.066171,-0.445400,-0.538350,-0.042915,-0.460007,-0.561511,0.006862,-0.402399,-0.463007,0.053376,-0.353488,-0.385682,0.083479,1.000000
sign_1,0.000000,0.000000,0.000000,-0.121219,-0.385909,0.060885,-0.068773,-0.747668,0.074548,0.044865,-0.913610,0.077223,0.148873,-0.888302,0.070980,0.036501,-1.053113,-0.022186,0.115097,-1.503617,-0.016067,0.174270,-1.769395,-0.013784,0.227119,-1.964182,-0.015501,0.189209,-0.980857,-0.046028,0.224105,-1.017141,-0.004131,0.166130,-0.915752,0.027619,0.123176,-0.834450,0.037697,0.302586,-0.784615,-0.055438,0.263018,-0.794682,-0.009334,0.216390,-0.712438,0.020604,0.182277,-0.630712,0.025464,0.378843,-0.586828,-0.059369,0.336262,-0.608493,0.006071,0.292408,-0.535858,0.063288,0.257416,-0.450980,0.097530,1.000000,0.000000,0.000000,0.000000,0.070399,-0.442525,0.067142,-0.001300,-0.763081,0.085059,-0.118391,-0.929600,0.090307,-0.230609,-0.924850,0.086185,-0.125150,-1.055965,-0.014176,-0.222601,-1.500331,-0.002914,-0.286320,-1.750345,0.009944,-0.343558,-1.927620,0.013921,-0.274877,-0.960636,-0.040256,-0.327922,-1.012071,-0.003767,-0.286964,-0.876298,0.034143,-0.237240,-0.777431,0.048472,-0.374279,-0.761206,-0.052303,-0.377769,-0.729174,-0.000880,-0.329540,-0.629639,0.039492,-0.284451,-0.545879,0.047417,-0.449980,-0.543699,-0.060505,-0.439065,-0.538860,-0.009685,-0.388043,-0.447590,0.033979,-0.344849,-0.372460,0.061029,1.000000
sign_1,0.000000,0.000000,0.000000,-0.035640,-0.447394,0.067284,0.076064,-0.786093,0.078906,0.196441,-0.939887,0.075709,0.307703,-0.932054,0.061821,0.220052,-1.085740,-0.024216,0.410514,-1.450202,-0.024338,0.540889,-1.633781,-0.024872,0.646966,-1.763603,-0.028475,0.364007,-0.929654,-0.056944,0.434021,-0.956765,-0.018891,0.364714,-0.875488,0.013926,0.302773,-0.805501,0.022504,0.454303,-0.665897,-0.075095,0.433437,-0.687747,-0.028287,0.375063,-0.616550,0.011020,0.324112,-0.543511,0.019520,0.501146,-0.412634,-0.088238,0.468916,-0.452969,-0.021591,0.413469,-0.398959,0.040665,0.365915,-0.331027,0.077364,1.000000,0.000000,0.000000,0.000000,0.025262,-0.484646,0.077969,-0.098271,-0.747559,0.090919,-0.241105,-0.849913,0.086927,-0.349488,-0.807522,0.072612,-0.246257,-1.043516,-0.015828,-0.410572,-1.406384,-0.014993,-0.517216,-1.614799,-0.019309,-0.603483,-1.770427,-0.031864,-0.380049,-0.923351,-0.054643,-0.463193,-0.902022,-0.017717,-0.415520,-0.780490,0.019352,-0.352847,-0.709558,0.025404,-0.462778,-0.686624,-0.079329,-0.488743,-0.641390,-0.021140,-0.441383,-0.567321,0.029921,-0.388621,-0.498065,0.036705,-0.520155,-0.423880,-0.102296,-0.525980,-0.399539,-0.051386,-0.468632,-0.333871,-0.004899,-0.412351,-0.275283,0.019474,1.000000
sign_1,0.000000,0.000000,0.000000,0.169873,-0.499505,0.082059,0.427309,-0.728534,0.083732,0.628313,-0.704661,0.062490,0.756893,-0.535922,0.032218,0.634100,-0.992516,-0.019803,1.018422,-1.060666,-0.032636,1.244763,-1.055141,-0.038490,1.418435,-1.035856,-0.047677,0.718452,-0.691083,-0.078931,0.929130,-0.517359,-0.072406,0.822126,-0.456807,-0.042295,0.703861,-0.464657,-0.030025,0.744736,-0.335583,-0.123421,0.851626,-0.223086,-0.083062,0.749842,-0.178860,-0.020195,0.643637,-0.189335,0.003941,0.733549,-0.014329,-0.165927,0.781720,0.026829,-0.092136,0.695836,0.064675,-0.014021,0.608190,0.058798,0.034240,1.000000,0.000000,0.000000,0.000000,-0.174902,-0.503059,0.069726,-0.457414,-0.702138,0.070816,-0.648747,-0.628039,0.046510,-0.762322,-0.414208,0.011000,-0.705066,-0.897312,0.006304,-1.057191,-0.963199,-0.023640,-1.288269,-0.986916,-0.049992,-1.464260,-0.997521,-0.073986,-0.759726,-0.648218,-0.051278,-0.918316,-0.316521,-0.060241,-0.796941,-0.217509,-0.040299,-0.687775,-0.284825,-0.035454,-0.763299,-0.310429,-0.099947,-0.870133,-0.039394,-0.083637,-0.767640,0.018844,-0.032381,-0.682539,-0.049234,-0.014413,-0.745289,0.043222,-0.148832,-0.810112,0.217522,-0.121087,-0.703245,0.245259,-0.062190,-0.615135,0.197290,-0.021612,1.000000
sign_1,0.000000,0.000000,0.000000,0.312475,-0.392400,0.146730,0.689614,-0.476259,0.150963,0.978353,-0.263688,0.121188,1.129484,0.068548,0.078531,0.930398,-0.686617,-0.058502,1.411938,-0.484834,-0.062740,1.656694,-0.318677,-0.050958,1.847739,-0.204710,-0.052019,0.932093,-0.324943,-0.160049,1.180331,0.203186,-0.147601,1.005324,0.238114,-0.093911,0.849585,0.097451,-0.072929,0.871872,0.105375,-0.233878,1.039927,0.492055,-0.179995,0.885257,0.482087,-0.082998,0.749603,0.351021,-0.047628,0.789366,0.487025,-0.298758,0.941108,0.717969,-0.194744,0.811432,0.706690,-0.076255,0.688125,0.610959,-0.010197,1.000000,0.000000,0.000000,0.000000,-0.299320,-0.418517,0.081354,-0.667429,-0.443517,0.079174,-0.905524,-0.167999,0.050283,-1.001234,0.157716,0.010479,-0.913442,-0.662781,-0.020298,-1.320972,-0.532201,-0.062733,-1.574296,-0.423037,-0.085847,-1.767929,-0.318159,-0.109729,-0.918715,-0.383745,-0.093292,-1.065411,0.131085,-0.137261,-0.910504,0.170968,-0.117101,-0.808933,0.024066,-0.106973,-0.863070,-0.026750,-0.154654,-0.934603,0.440856,-0.168637,-0.796795,0.438855,-0.113364,-0.721579,0.277568,-0.087700,-0.789538,0.341993,-0.214092,-0.856459,0.630150,-0.204464,-0.721808,0.621081,-0.144802,-0.631505,0.512890,-0.101912,1.000000
sign_1,0.000000,0.000000,0.000000,0.423330,-0.209295,0.107324,0.803942,0.001180,0.094045,1.030910,0.390573,0.052506,1.104577,0.807974,0.003446,1.041895,-0.019641,-0.065833,1.425610,0.507935,-0.109899,1.604908,0.811586,-0.129008,1.748647,1.031753,-0.145885,0.934499,0.315765,-0.164332,1.183417,0.987802,-0.188860,1.063239,0.946809,-0.147612,0.958451,0.770066,-0.124476,0.772654,0.666514,-0.243599,0.983074,1.161034,-0.227892,0.870234,1.069444,-0.129084,0.779857,0.892171,-0.077675,0.590604,0.975540,-0.318504,0.798809,1.321954,-0.239980,0.711316,1.235084,-0.116014,0.626996,1.078168,-0.039657,1.000000,0.000000,0.000000,0.000000,-0.371608,-0.279023,0.081537,-0.779437,-0.109821,0.067024,-1.024061,0.284702,0.030271,-1.120864,0.652328,-0.019350,-1.053755,-0.283204,-0.063552,-1.435419,0.098042,-0.119743,-1.670482,0.332743,-0.159391,-1.859186,0.532356,-0.199476,-0.989473,-0.018083,-0.143587,-1.079714,0.664251,-0.190571,-0.905612,0.582166,-0.168275,-0.806506,0.363726,-0.167356,-0.861289,0.315184,-0.209557,-0.909481,0.889449,-0.224832,-0.764807,0.784998,-0.156149,-0.691676,0.585766,-0.130683,-0.718332,0.660191,-0.273448,-0.798353,1.032552,-0.277839,-0.668580,0.957322,-0.218131,-0.580731,0.820530,-0.179361,1.000000
sign_1,0.000000,0.000000,0.000000,0.428040,-0.055029,0.062056,0.790520,0.328399,0.023578,1.005028,0.855407,-0.022002,1.124745,1.326962,-0.070445,0.939236,0.315441,-0.199862,1.248898,1.057934,-0.254852,1.349972,1.461613,-0.247498,1.421659,1.769906,-0.238957,0.742519,0.612466,-0.271203,1.002729,1.346716,-0.299340,0.911194,1.254533,-0.225326,0.820076,1.053204,-0.180509,0.523173,0.901707,-0.321111,0.778781,1.458262,-0.314501,0.689028,1.303153,-0.184759,0.598527,1.103600,-0.109915,0.316345,1.154365,-0.365272,0.595779,1.567126,-0.302423,0.538530,1.427512,-0.169249,0.451565,1.255400,-0.085215,1.000000,0.000000,0.000000,0.000000,-0.392806,-0.175791,0.063466,-0.785219,0.106609,0.037761,-1.018052,0.601204,-0.005622,-1.130981,0.983274,-0.062293,-1.059139,0.020852,-0.094639,-1.422723,0.522214,-0.167545,-1.636708,0.846867,-0.205969,-1.801856,1.123511,-0.239899,-0.938054,0.302056,-0.169755,-1.041022,1.030602,-0.245662,-0.880739,0.919446,-0.220589,-0.783327,0.678728,-0.205654,-0.759656,0.606910,-0.231775,-0.808633,1.192538,-0.282247,-0.672087,1.051239,-0.202443,-0.601013,0.838314,-0.154471,-0.567830,0.906981,-0.290481,-0.636541,1.275076,-0.315093,-0.513044,1.151091,-0.250834,-0.439473,0.985306,-0.201086,1.000000
sign_1,0.000000,0.000000,0.000000,0.421145,-0.109406,0.065994,0.810607,0.278865,0.027698,1.056737,0.833046,-0.017291,1.207169,1.321534,-0.064282,0.976878,0.218490,-0.200581,1.346030,0.923885,-0.259031,1.470018,1.328715,-0.255836,1.557812,1.640769,-0.250315,0.788223,0.550710,-0.274632,1.080258,1.298650,-0.308057,0.970093,1.211895,-0.233835,0.863190,1.001453,-0.187738,0.574120,0.882330,-0.326710,0.854536,1.454477,-0.315354,0.746379,1.302798,-0.174798,0.642249,1.093213,-0.094522,0.371721,1.168066,-0.373497,0.659507,1.575974,-0.297895,0.580462,1.432193,-0.153323,0.485637,1.263301,-0.063747,1.000000,0.000000,0.000000,0.000000,-0.373261,-0.149347,0.032637,-0.756208,0.172466,0.002891,-0.980587,0.699295,-0.039058,-1.093364,1.105221,-0.089825,-1.037213,0.104133,-0.100433,-1.390159,0.614096,-0.176429,-1.597944,0.935684,-0.211694,-1.762669,1.190671,-0.243829,-0.916806,0.364793,-0.162456,-1.005712,1.100832,-0.259313,-0.844711,0.996639,-0.241292,-0.758337,0.750870,-0.223140,-0.735900,0.649098,-0.215113,-0.775132,1.249874,-0.292098,-0.637743,1.109908,-0.216461,-0.571959,0.885031,-0.160703,-0.537507,0.933916,-0.266011,-0.607922,1.332395,-0.310730,-0.492054,1.226811,-0.253314,-0.420833,1.065234,-0.202076,1.000000
sign_1,0.000000,0.000000,0.000000,0.448817,-0.088223,0.077632,0.871858,0.259578,0.030555,1.115469,0.822135,-0.028780,1.224529,1.339236,-0.092425,1.019532,0.179680,-0.221512,1.369879,0.876152,-0.304611,1.488907,1.299547,-0.316366,1.566173,1.616392,-0.319324,0.815849,0.481900,-0.319630,1.129521,1.357200,-0.390605,1.016448,1.324289,-0.328812,0.906075,1.117898,-0.283506,0.577569,0.811261,-0.394430,0.862745,1.506795,-0.423846,0.738849,1.367152,-0.287053,0.632971,1.140775,-0.198360,0.341353,1.121493,-0.461607,0.647690,1.643838,-0.411950,0.552827,1.503252,-0.263146,0.447741,1.307027,-0.166766,1.000000,0.000000,0.000000,0.000000,-0.409256,-0.128628,0.045406,-0.786634,0.218255,0.013518,-0.998660,0.767233,-0.036317,-1.091658,1.193748,-0.099298,-1.043584,0.139666,-0.092885,-1.388371,0.643832,-0.171985,-1.592883,0.961147,-0.210467,-1.759918,1.211399,-0.246883,-0.911893,0.374299,-0.168378,-0.996408,1.147708,-0.264937,-0.837839,1.049009,-0.248087,-0.762570,0.798696,-0.235545,-0.714436,0.645146,-0.235242,-0.776094,1.283108,-0.315426,-0.647621,1.160128,-0.236621,-0.586568,0.938375,-0.180401,-0.501253,0.927911,-0.299145,-0.609128,1.365752,-0.345015,-0.513658,1.289514,-0.285942,-0.450284,1.145615,-0.236604,1.000000
sign_1,0.000000,0.000000,0.000000,0.465705,-0.143283,0.002600,0.919596,0.084182,-0.129997,1.170058,0.570716,-0.270479,1.198143,0.980727,-0.399640,1.007026,-0.477478,-0.328687,1.226496,-0.348864,-0.505889,1.293242,-0.192838,-0.571592,1.296423,-0.056176,-0.601939,0.806982,-0.394508,-0.439482,1.079965,0.696843,-0.626486,0.981191,0.705665,-0.593128,0.886877,0.475708,-0.552246,0.592808,-0.143906,-0.540399,0.818476,0.854175,-0.659516,0.700064,0.744556,-0.533966,0.625705,0.462606,-0.438761,0.384380,0.159485,-0.645443,0.597786,0.971384,-0.656336,0.500217,0.849416,-0.537007,0.433974,0.555377,-0.458059,1.000000,0.000000,0.000000,0.000000,-0.531831,0.032343,0.069425,-0.951650,0.604765,0.009763,-1.141897,1.280572,-0.068739,-1.222026,1.796005,-0.169658,-1.143116,0.189812,-0.148726,-1.352301,0.501853,-0.279038,-1.519902,0.752044,-0.359906,-1.671259,0.934735,-0.429453,-0.928456,0.249107,-0.275528,-1.098133,1.499601,-0.438373,-0.968040,1.480651,-0.447480,-0.878015,1.221210,-0.452402,-0.646503,0.457107,-0.388535,-0.790730,1.650519,-0.560816,-0.685668,1.488804,-0.482390,-0.625264,1.171564,-0.406751,-0.363014,0.714783,-0.487929,-0.513092,1.670772,-0.620888,-0.445520,1.567406,-0.562940,-0.395183,1.313331,-0.502442,1.000000
sign_1,0.000000,0.000000,0.000000,0.202490,0.057842,-0.143980,0.330971,-0.118376,-0.217827,0.201960,-0.430705,-0.267255,0.079567,-0.651719,-0.302996,0.427761,-0.851326,-0.187024,0.424974,-1.324512,-0.319093,0.372751,-1.699263,-0.422832,0.330891,-2.003289,-0.495107,0.265070,-0.949040,-0.170470,0.157688,-0.961988,-0.286479,0.115546,-0.629872,-0.330280,0.137181,-0.443182,-0.351789,0.110004,-0.952576,-0.170108,-0.004651,-0.872056,-0.264900,0.002028,-0.570466,-0.248897,0.070752,-0.454553,-0.228186,-0.024684,-0.880148,-0.186992,-0.106915,-0.787663,-0.250360,-0.088728,-0.534502,-0.222239,-0.035346,-0.438830,-0.189156,1.000000,0.000000,0.000000,0.000000,-0.369502,0.132564,-0.111478,-0.549520,0.100478,-0.221811,-0.489462,-0.063507,-0.332968,-0.331444,-0.208921,-0.444878,-0.659957,-0.570927,-0.201127,-0.689478,-1.023662,-0.410639,-0.675438,-1.410706,-0.572985,-0.630533,-1.698766,-0.666546,-0.487296,-0.843354,-0.226489,-0.342920,-0.809396,-0.440861,-0.277211,-0.370913,-0.528897,-0.260167,-0.026356,-0.560625,-0.283478,-0.937652,-0.266199,-0.189416,-0.836960,-0.448602,-0.187927,-0.407736,-0.464990,-0.212724,-0.085063,-0.435065,-0.115622,-0.866086,-0.316628,-0.046964,-0.775809,-0.445553,-0.050838,-0.436807,-0.439125,-0.076521,-0.172004,-0.397856,1.000000
sign_1,0.000000,0.000000,0.000000,0.138220,-0.130584,-0.191646,0.247982,-0.504150,-0.239428,0.202420,-0.900335,-0.259298,0.135483,-1.217340,-0.260705,0.457562,-0.913916,-0.083668,0.531310,-1.361295,-0.169322,0.567631,-1.650052,-0.226339,0.595873,-1.902908,-0.264778,0.316774,-0.947829,-0.035704,0.206387,-1.169588,-0.183033,0.177795,-0.904003,-0.236651,0.208042,-0.724429,-0.232231,0.173599,-0.923537,-0.012799,0.064500,-1.069840,-0.183453,0.062029,-0.764817,-0.203115,0.112108,-0.628271,-0.165655,0.052608,-0.838686,-0.005557,-0.026879,-0.987053,-0.138654,-0.035984,-0.767391,-0.146835,-0.016316,-0.630638,-0.113843,1.000000,0.000000,0.000000,0.000000,-0.186837,-0.033889,-0.093014,-0.341408,-0.356849,-0.156557,-0.304036,-0.715414,-0.221814,-0.232158,-0.995217,-0.283904,-0.409869,-0.929890,-0.121368,-0.454834,-1.485773,-0.261143,-0.458944,-1.845119,-0.355812,-0.448121,-2.157947,-0.418516,-0.238555,-0.960832,-0.141041,-0.221507,-1.115409,-0.330149,-0.209370,-0.710430,-0.367129,-0.216568,-0.542852,-0.355867,-0.073627,-0.929438,-0.175769,-0.084359,-1.060851,-0.331736,-0.093689,-0.683590,-0.276498,-0.107358,-0.559483,-0.205441,0.089357,-0.852119,-0.221919,0.057772,-0.950982,-0.316738,0.024649,-0.672428,-0.266726,-0.004732,-0.570949,-0.204707,1.000000
sign_1,0.000000,0.000000,0.000000,0.179174,-0.141289,-0.149858,0.346055,-0.500074,-0.181822,0.357951,-0.910511,-0.198650,0.320527,-1.248342,-0.200458,0.571691,-0.820395,-0.013026,0.673328,-1.227853,-0.072877,0.721157,-1.479755,-0.112459,0.761428,-1.688644,-0.141030,0.423107,-0.905905,0.017791,0.378710,-1.193663,-0.099654,0.326705,-0.970467,-0.145605,0.330893,-0.805773,-0.140316,0.270428,-0.923890,0.025956,0.215974,-1.129584,-0.124126,0.181839,-0.839564,-0.140422,0.204780,-0.693584,-0.104239,0.129411,-0.887345,0.022368,0.102559,-1.051992,-0.093813,0.081342,-0.823732,-0.096301,0.096518,-0.681642,-0.063134,1.000000,0.000000,0.000000,0.000000,-0.208540,-0.067892,-0.103314,-0.394030,-0.446611,-0.154852,-0.409084,-0.878460,-0.208278,-0.360602,-1.210929,-0.256779,-0.475440,-0.900590,-0.062690,-0.544549,-1.408081,-0.167443,-0.558926,-1.699690,-0.224489,-0.555648,-1.987317,-0.261753,-0.307267,-0.948645,-0.075233,-0.301909,-1.261963,-0.253512,-0.277835,-0.866478,-0.283347,-0.262991,-0.656542,-0.255354,-0.145520,-0.941606,-0.105816,-0.151572,-1.137156,-0.272789,-0.148187,-0.728849,-0.228868,-0.147076,-0.572657,-0.152032,0.011138,-0.889542,-0.146333,-0.023295,-1.034382,-0.236937,-0.036462,-0.732426,-0.189800,-0.042551,-0.603691,-0.128967,1.000000
sign_1,0.000000,0.000000,0.000000,0.189204,-0.114106,-0.170023,0.382923,-0.457102,-0.204556,0.408579,-0.897286,-0.218140,0.375320,-1.274935,-0.214702,0.585761,-0.831734,-0.006375,0.672351,-1.251673,-0.061224,0.708255,-1.502002,-0.098093,0.738184,-1.721446,-0.124705,0.428687,-0.902700,0.036886,0.396109,-1.181631,-0.072361,0.353739,-0.915926,-0.112250,0.359131,-0.763243,-0.103956,0.268386,-0.913428,0.052963,0.226759,-1.132873,-0.099548,0.201312,-0.791905,-0.115446,0.228130,-0.662708,-0.079510,0.118662,-0.893150,0.056570,0.109575,-1.083542,-0.062428,0.092334,-0.824228,-0.065919,0.111926,-0.691944,-0.035776,1.000000,0.000000,0.000000,0.000000,-0.219830,-0.076545,-0.106194,-0.412558,-0.446743,-0.164159,-0.425947,-0.885365,-0.224079,-0.372936,-1.224321,-0.278188,-0.470848,-0.898206,-0.062345,-0.543925,-1.365291,-0.173825,-0.567197,-1.642522,-0.233391,-0.566166,-1.929900,-0.272327,-0.302838,-0.949956,-0.076637,-0.311488,-1.280456,-0.251784,-0.291044,-0.854602,-0.270476,-0.275333,-0.672063,-0.235081,-0.138266,-0.946277,-0.111606,-0.145829,-1.152758,-0.274857,-0.156747,-0.724811,-0.220023,-0.161792,-0.593164,-0.137884,0.021338,-0.897931,-0.158399,-0.011560,-1.038757,-0.244945,-0.036419,-0.733460,-0.194060,-0.046570,-0.624054,-0.133138,1.000000
sign_1,0.000000,0.000000,0.000000,0.186553,-0.128750,-0.149298,0.371201,-0.496320,-0.182466,0.397950,-0.917448,-0.200612,0.358382,-1.278628,-0.201664,0.551040,-0.851643,0.000364,0.627990,-1.273030,-0.074869,0.648885,-1.521346,-0.122670,0.664834,-1.748016,-0.153238,0.398684,-0.916620,0.029309,0.372376,-1.184307,-0.102594,0.323134,-0.916482,-0.150298,0.331802,-0.795701,-0.143581,0.241692,-0.926936,0.032648,0.203941,-1.142415,-0.134486,0.173114,-0.796367,-0.142420,0.200942,-0.675422,-0.097863,0.092429,-0.905178,0.024795,0.081527,-1.084450,-0.099654,0.065659,-0.819622,-0.096773,0.089869,-0.693333,-0.060240,1.000000,0.000000,0.000000,0.000000,-0.202231,-0.108743,-0.099588,-0.387199,-0.490936,-0.153580,-0.405111,-0.917571,-0.211267,-0.346089,-1.251722,-0.262913,-0.439413,-0.919047,-0.052662,-0.516856,-1.392583,-0.162027,-0.538718,-1.673207,-0.219149,-0.539261,-1.951123,-0.255031,-0.273381,-0.959330,-0.070353,-0.293825,-1.302725,-0.248273,-0.270198,-0.877671,-0.267577,-0.248968,-0.676461,-0.229010,-0.108130,-0.948253,-0.107787,-0.128231,-1.163726,-0.274747,-0.132851,-0.737767,-0.215955,-0.128606,-0.588989,-0.127091,0.052026,-0.890708,-0.156083,0.012215,-1.061680,-0.242783,-0.010309,-0.758271,-0.184897,-0.013958,-0.633506,-0.116855,1.000000
sign_1,0.000000,0.000000,0.000000,0.166143,-0.157208,-0.110256,0.317405,-0.534526,-0.145847,0.303385,-0.938555,-0.174379,0.220968,-1.252166,-0.188731,0.416042,-0.933280,-0.013153,0.458328,-1.361466,-0.086317,0.449225,-1.601850,-0.133959,0.434643,-1.820882,-0.165102,0.264027,-0.964510,-0.003321,0.236605,-1.183807,-0.117008,0.237094,-0.893286,-0.154019,0.260299,-0.776960,-0.150925,0.116404,-0.936554,-0.011730,0.086522,-1.104931,-0.149270,0.104429,-0.767563,-0.138589,0.128729,-0.654681,-0.094336,-0.025289,-0.878608,-0.029078,-0.011081,-1.032025,-0.122044,-0.000690,-0.792949,-0.098178,0.008529,-0.694211,-0.056284,1.000000,0.000000,0.000000,0.000000,-0.201523,-0.190008,-0.076988,-0.346584,-0.594172,-0.125921,-0.350655,-0.999098,-0.185121,-0.231363,-1.270886,-0.239344,-0.374645,-0.948635,-0.020090,-0.431027,-1.448662,-0.129038,-0.430241,-1.742106,-0.188454,-0.405219,-2.021449,-0.222631,-0.219739,-0.974652,-0.042064,-0.252023,-1.296114,-0.202609,-0.247742,-0.929929,-0.218552,-0.220745,-0.774022,-0.178839,-0.064181,-0.943923,-0.083297,-0.102560,-1.122804,-0.219877,-0.118512,-0.773818,-0.161346,-0.094445,-0.684278,-0.077268,0.089221,-0.870941,-0.135843,0.035652,-1.025820,-0.189514,0.000045,-0.780691,-0.124990,0.011548,-0.691032,-0.055474,1.000000
sign_1,0.000000,0.000000,0.000000,0.135593,-0.224869,-0.105377,0.229406,-0.663493,-0.128781,0.160419,-1.040966,-0.142734,0.045238,-1.297302,-0.139801,0.249619,-1.023198,-0.006422,0.228913,-1.436787,-0.074042,0.184324,-1.642261,-0.109886,0.139344,-1.859196,-0.133260,0.108718,-0.994072,0.001279,0.059425,-1.190509,-0.100371,0.093000,-0.854861,-0.120397,0.124826,-0.775303,-0.107329,-0.022556,-0.912492,-0.010516,-0.066870,-1.076496,-0.144645,-0.007220,-0.713659,-0.121344,0.024928,-0.631726,-0.069100,-0.153582,-0.805760,-0.030888,-0.162603,-0.975124,-0.118104,-0.113526,-0.730538,-0.085545,-0.098216,-0.642238,-0.039482,1.000000,0.000000,0.000000,0.000000,-0.152984,-0.249887,-0.083189,-0.222916,-0.668802,-0.126501,-0.153663,-1.032455,-0.174702,-0.042734,-1.275845,-0.217726,-0.247858,-1.039267,-0.031938,-0.228391,-1.480964,-0.121070,-0.182910,-1.712974,-0.177828,-0.128705,-1.917070,-0.214140,-0.104855,-0.993381,-0.046907,-0.023845,-1.275995,-0.191788,-0.065511,-0.976359,-0.227232,-0.108598,-0.783333,-0.211171,0.030742,-0.896559,-0.078016,0.084598,-1.039034,-0.205355,0.025918,-0.746587,-0.183593,-0.018134,-0.621751,-0.132258,0.150820,-0.760508,-0.119034,0.176653,-0.873349,-0.182111,0.120159,-0.671088,-0.148229,0.078623,-0.579463,-0.102949,1.000000
sign_1,0.000000,0.000000,0.000000,0.147355,-0.355249,-0.060635,0.142284,-0.837416,-0.072068,0.035468,-1.196094,-0.091821,-0.114773,-1.400310,-0.102896,-0.016369,-1.089508,0.045101,-0.124698,-1.466987,-0.040938,-0.228181,-1.654702,-0.098239,-0.352796,-1.784173,-0.128374,-0.119283,-0.992449,0.028566,-0.135329,-1.250988,-0.080244,-0.034173,-0.951558,-0.111157,-0.009437,-0.838394,-0.100239,-0.215117,-0.869801,-0.008155,-0.219347,-1.112205,-0.152537,-0.099233,-0.767357,-0.128127,-0.081616,-0.636328,-0.066054,-0.313687,-0.700362,-0.049823,-0.324048,-0.969190,-0.140254,-0.223162,-0.755314,-0.101207,-0.198791,-0.611302,-0.046906,1.000000,0.000000,0.000000,0.000000,-0.123589,-0.327762,-0.063686,-0.124982,-0.815358,-0.093458,-0.003153,-1.182292,-0.135156,0.153814,-1.385215,-0.174162,0.019050,-1.113990,0.005126,0.103884,-1.514517,-0.088302,0.178661,-1.694317,-0.146862,0.274190,-1.853249,-0.182855,0.142432,-0.989569,-0.021597,0.215432,-1.312577,-0.168818,0.103136,-0.996909,-0.198378,0.058659,-0.821315,-0.174203,0.252847,-0.818239,-0.065979,0.298645,-1.058616,-0.205319,0.165442,-0.753672,-0.169846,0.122010,-0.604150,-0.100856,0.358880,-0.611540,-0.118314,0.387291,-0.837879,-0.189836,0.275910,-0.665042,-0.145971,0.226999,-0.544638,-0.089277,1.000000
sign_1,0.000000,0.000000,0.000000,0.070838,-0.431369,-0.067881,-0.004354,-0.943887,-0.096361,-0.134211,-1.288833,-0.137136,-0.318181,-1.448733,-0.172445,-0.311617,-1.068475,0.019649,-0.488747,-1.323129,-0.072056,-0.622227,-1.484079,-0.122500,-0.763679,-1.583609,-0.152484,-0.392970,-0.919551,-0.001201,-0.386440,-1.270145,-0.143107,-0.187736,-1.014906,-0.168097,-0.156449,-0.849923,-0.143674,-0.454277,-0.746247,-0.040533,-0.415779,-1.060163,-0.216127,-0.223020,-0.795992,-0.181210,-0.208570,-0.612325,-0.104760,-0.512481,-0.533456,-0.083645,-0.475989,-0.869861,-0.204351,-0.330459,-0.724631,-0.167851,-0.314375,-0.561458,-0.108816,1.000000,0.000000,0.000000,0.000000,-0.048778,-0.434640,-0.022920,0.064824,-0.973247,-0.045190,0.251279,-1.301330,-0.102624,0.454476,-1.459971,-0.163395,0.395271,-1.068330,0.089893,0.627973,-1.338346,-0.009606,0.756786,-1.512094,-0.049432,0.918368,-1.606296,-0.069055,0.479861,-0.876868,0.028932,0.524235,-1.257259,-0.134712,0.294071,-1.019882,-0.135644,0.288973,-0.836204,-0.074367,0.542057,-0.640023,-0.056155,0.543478,-0.943726,-0.226798,0.312441,-0.710347,-0.152624,0.313710,-0.560591,-0.040946,0.595679,-0.360669,-0.147594,0.613060,-0.699192,-0.234481,0.426637,-0.569750,-0.163204,0.396917,-0.416277,-0.077254,1.000000
sign_1,0.000000,0.000000,0.000000,0.101086,-0.447499,-0.082973,0.028103,-0.945837,-0.126187,-0.102549,-1.328291,-0.182532,-0.289806,-1.541918,-0.230679,-0.286183,-1.092219,-0.002870,-0.508057,-1.397040,-0.106377,-0.666174,-1.582147,-0.145253,-0.820935,-1.681739,-0.161385,-0.366859,-0.929956,-0.024426,-0.357090,-1.355065,-0.186495,-0.146850,-1.028574,-0.180410,-0.141443,-0.831688,-0.120414,-0.431868,-0.760625,-0.069452,-0.367267,-1.135877,-0.269451,-0.172680,-0.794346,-0.208038,-0.195619,-0.573108,-0.104295,-0.500776,-0.559061,-0.119653,-0.449302,-0.903395,-0.251142,-0.306296,-0.712561,-0.201597,-0.316500,-0.529829,-0.129056,1.000000,0.000000,0.000000,0.000000,-0.051794,-0.467942,-0.046642,0.076163,-1.003407,-0.084805,0.270648,-1.322562,-0.152578,0.474454,-1.477519,-0.217725,0.422934,-1.083801,0.061808,0.664875,-1.347463,-0.051450,0.811309,-1.506444,-0.091854,0.978773,-1.569050,-0.109810,0.495388,-0.868588,0.012033,0.538118,-1.226302,-0.167256,0.283414,-1.005711,-0.163797,0.282181,-0.800083,-0.099066,0.550309,-0.625564,-0.064966,0.548068,-0.935973,-0.249830,0.297589,-0.724420,-0.169900,0.308027,-0.541851,-0.055536,0.590333,-0.341718,-0.150146,0.598852,-0.677386,-0.241757,0.410609,-0.572993,-0.170796,0.394756,-0.407962,-0.085956,1.000000
sign_1,0.000000,0.000000,0.000000,0.096948,-0.437712,-0.091796,0.014438,-0.967173,-0.128982,-0.134720,-1.314038,-0.173270,-0.318786,-1.502390,-0.208981,-0.289535,-1.093779,-0.011873,-0.512237,-1.390809,-0.100472,-0.669617,-1.564968,-0.132319,-0.828999,-1.665004,-0.148253,-0.370577,-0.928522,-0.022799,-0.364451,-1.333566,-0.167216,-0.150101,-1.039924,-0.166676,-0.142311,-0.860831,-0.118209,-0.430426,-0.760397,-0.055393,-0.379794,-1.120968,-0.243594,-0.170272,-0.813019,-0.195319,-0.184982,-0.611785,-0.105886,-0.494135,-0.558428,-0.093119,-0.447288,-0.911397,-0.224142,-0.295995,-0.739117,-0.185798,-0.305095,-0.563135,-0.124464,1.000000,0.000000,0.000000,0.000000,-0.044457,-0.479681,-0.038933,0.094626,-1.006564,-0.066040,0.294182,-1.313234,-0.122420,0.490007,-1.476770,-0.176218,0.433321,-1.070918,0.063354,0.685581,-1.341188,-0.043178,0.835671,-1.489573,-0.084094,1.005541,-1.552372,-0.105887,0.503856,-0.863718,0.010984,0.556265,-1.205421,-0.163573,0.309962,-1.002602,-0.167932,0.307314,-0.808293,-0.113560,0.558380,-0.624668,-0.066245,0.563694,-0.925853,-0.247311,0.320049,-0.734102,-0.172379,0.330721,-0.567531,-0.064821,0.595954,-0.342276,-0.151013,0.621032,-0.682289,-0.245759,0.431852,-0.584213,-0.176557,0.409774,-0.420776,-0.093801,1.000000
sign_1,0.000000,0.000000,0.000000,0.092265,-0.432334,-0.075205,0.028855,-0.920330,-0.116221,-0.090491,-1.278023,-0.168952,-0.258010,-1.483510,-0.214041,-0.265256,-1.089781,-0.006221,-0.472148,-1.405839,-0.102903,-0.616874,-1.586646,-0.144699,-0.762305,-1.696262,-0.166198,-0.346449,-0.937683,-0.026903,-0.324130,-1.334165,-0.180348,-0.128730,-1.024560,-0.186221,-0.122194,-0.836165,-0.141035,-0.408962,-0.772764,-0.066953,-0.337903,-1.116413,-0.250522,-0.156937,-0.798495,-0.197599,-0.174873,-0.594650,-0.106288,-0.471303,-0.573707,-0.111891,-0.406599,-0.900357,-0.233608,-0.265938,-0.722114,-0.187356,-0.271831,-0.551116,-0.120100,1.000000,0.000000,0.000000,0.000000,-0.059895,-0.442439,-0.045772,0.036270,-0.973995,-0.086801,0.203431,-1.286739,-0.154019,0.385756,-1.438326,-0.215555,0.374092,-1.106216,0.033727,0.597751,-1.410740,-0.083839,0.734286,-1.601612,-0.127532,0.893939,-1.702331,-0.149694,0.447043,-0.894380,-0.015405,0.472334,-1.240823,-0.190143,0.234087,-0.996614,-0.179427,0.249315,-0.806906,-0.115285,0.505131,-0.648123,-0.090081,0.484450,-0.940311,-0.262717,0.254385,-0.724567,-0.171904,0.283112,-0.570348,-0.058272,0.545086,-0.360249,-0.173954,0.540413,-0.666735,-0.259448,0.363631,-0.555410,-0.185280,0.363191,-0.413406,-0.102281,1.000000
sign_1,0.000000,0.000000,0.000000,0.161851,-0.409818,-0.064806,0.187294,-0.862792,-0.085711,0.139090,-1.238219,-0.121272,0.010466,-1.494495,-0.151406,0.000610,-1.081925,0.052461,-0.099737,-1.449814,-0.011072,-0.185889,-1.651229,-0.032585,-0.282802,-1.790235,-0.041479,-0.094924,-0.994768,0.037772,-0.059621,-1.333587,-0.088752,0.052319,-1.004675,-0.101347,0.043956,-0.846562,-0.064909,-0.185429,-0.895826,0.002204,-0.130950,-1.184642,-0.156539,-0.022550,-0.844502,-0.123418,-0.049450,-0.681015,-0.050108,-0.291500,-0.765925,-0.037828,-0.222856,-1.053411,-0.141239,-0.136126,-0.838172,-0.111427,-0.161262,-0.686138,-0.060903,1.000000,0.000000,0.000000,0.000000,-0.072490,-0.391359,-0.061832,-0.004669,-0.884924,-0.104018,0.154922,-1.186523,-0.162178,0.330548,-1.321580,-0.213268,0.261294,-1.136005,-0.003435,0.449064,-1.524368,-0.111427,0.576021,-1.756271,-0.164258,0.705346,-1.919307,-0.196204,0.360593,-0.931864,-0.040024,0.427018,-1.201796,-0.214144,0.248687,-0.952370,-0.229447,0.218299,-0.789188,-0.185946,0.441844,-0.690052,-0.096162,0.437408,-0.871220,-0.251956,0.258597,-0.652290,-0.182978,0.253502,-0.536146,-0.087386,0.510059,-0.411271,-0.162411,0.511839,-0.639511,-0.234428,0.369265,-0.526128,-0.165977,0.352701,-0.431033,-0.089486,1.000000
sign_1,0.000000,0.000000,0.000000,0.215633,-0.211766,-0.082850,0.351574,-0.614320,-0.109393,0.374236,-1.019947,-0.140772,0.296502,-1.340077,-0.167466,0.314005,-0.984784,0.007367,0.346150,-1.392462,-0.065315,0.323168,-1.637722,-0.089450,0.273291,-1.839300,-0.098287,0.177252,-0.984159,0.003468,0.213163,-1.256495,-0.113980,0.213630,-0.886689,-0.116200,0.191588,-0.763165,-0.077593,0.046109,-0.947568,-0.020253,0.095082,-1.172018,-0.170770,0.104863,-0.788130,-0.124716,0.073785,-0.678049,-0.047970,-0.098820,-0.890247,-0.049518,-0.017483,-1.090168,-0.145917,-0.000698,-0.816056,-0.103528,-0.037084,-0.710657,-0.045577,1.000000,0.000000,0.000000,0.000000,-0.088587,-0.318927,-0.093361,-0.095125,-0.758213,-0.143887,0.013758,-1.095808,-0.199448,0.174046,-1.256009,-0.246970,0.031735,-1.119830,-0.012722,0.111231,-1.526202,-0.103112,0.173208,-1.747484,-0.148388,0.251476,-1.925160,-0.176084,0.156986,-0.987442,-0.017731,0.231711,-1.210091,-0.161477,0.115587,-0.912895,-0.176294,0.078644,-0.764134,-0.142171,0.267059,-0.812066,-0.043081,0.308562,-0.972132,-0.191591,0.169964,-0.702774,-0.146359,0.129596,-0.575163,-0.069256,0.355872,-0.605945,-0.077795,0.382177,-0.782170,-0.165005,0.269820,-0.608864,-0.124223,0.223324,-0.497705,-0.066916,1.000000
sign_1,0.000000,0.000000,0.000000,0.214862,-0.066251,-0.181007,0.482885,-0.298265,-0.242053,0.616271,-0.679599,-0.288797,0.641263,-1.065272,-0.323523,0.733735,-0.645803,-0.057474,0.979768,-0.958677,-0.169318,1.127125,-1.185548,-0.226041,1.249403,-1.394339,-0.256361,0.583910,-0.811478,-0.023515,0.623777,-1.076111,-0.211161,0.480990,-0.748448,-0.257319,0.449352,-0.579206,-0.230303,0.422380,-0.925504,-0.016485,0.418464,-1.106138,-0.229741,0.308323,-0.750212,-0.215219,0.305856,-0.618051,-0.138355,0.256943,-1.003530,-0.021921,0.273333,-1.177303,-0.167127,0.214816,-0.907572,-0.142532,0.210976,-0.778796,-0.076886,1.000000,0.000000,0.000000,0.000000,-0.165451,-0.177990,-0.124413,-0.327133,-0.491473,-0.184648,-0.368852,-0.879809,-0.240803,-0.320502,-1.204750,-0.284563,-0.428541,-0.888519,-0.035088,-0.598305,-1.252763,-0.132166,-0.684699,-1.478635,-0.180898,-0.728876,-1.686953,-0.207515,-0.280001,-0.959713,-0.023459,-0.286276,-1.276169,-0.187344,-0.247765,-0.939425,-0.220547,-0.221086,-0.740815,-0.189692,-0.130284,-0.963578,-0.033147,-0.124369,-1.137805,-0.199232,-0.133989,-0.803696,-0.177871,-0.140283,-0.648305,-0.107567,0.010410,-0.920882,-0.052119,-0.000563,-1.073523,-0.142879,-0.024301,-0.842880,-0.114848,-0.039131,-0.715664,-0.063093,1.000000
sign_1,0.000000,0.000000,0.000000,0.179041,-0.026201,-0.295293,0.397569,-0.211182,-0.415229,0.523766,-0.551682,-0.501711,0.576230,-0.949360,-0.573395,0.810916,-0.522129,-0.190049,1.111874,-0.730971,-0.334416,1.315169,-0.903562,-0.422033,1.479402,-1.048818,-0.473960,0.663830,-0.739447,-0.112019,0.671055,-0.991538,-0.330639,0.491466,-0.722221,-0.393097,0.434602,-0.505355,-0.377668,0.499665,-0.913883,-0.069428,0.461366,-1.131879,-0.307092,0.308284,-0.817811,-0.314103,0.277312,-0.605584,-0.250988,0.339450,-1.025433,-0.051646,0.308563,-1.249120,-0.229422,0.217923,-1.001234,-0.232715,0.183198,-0.781978,-0.183329,1.000000,0.000000,0.000000,0.000000,-0.156684,-0.123928,-0.179325,-0.325680,-0.346952,-0.278244,-0.382333,-0.707030,-0.364088,-0.424431,-1.046723,-0.434303,-0.571331,-0.748250,-0.120244,-0.767744,-1.027347,-0.250256,-0.904282,-1.216728,-0.322536,-1.004360,-1.407387,-0.369397,-0.416815,-0.904110,-0.094074,-0.388693,-1.107144,-0.280890,-0.288951,-0.748932,-0.308577,-0.271368,-0.612248,-0.282682,-0.255830,-0.984883,-0.094697,-0.222427,-1.136618,-0.273710,-0.170906,-0.781323,-0.226265,-0.181858,-0.649435,-0.149824,-0.107367,-0.987785,-0.112784,-0.088054,-1.142785,-0.225574,-0.064625,-0.871447,-0.191596,-0.081966,-0.749872,-0.137619,1.000000
sign_1,0.000000,0.000000,0.000000,0.187594,0.002983,-0.252965,0.407923,-0.212046,-0.340494,0.508274,-0.600246,-0.398438,0.552996,-0.997700,-0.438065,0.806783,-0.508726,-0.152721,1.126938,-0.715727,-0.295665,1.327107,-0.864152,-0.381452,1.500445,-1.012057,-0.432529,0.666810,-0.738845,-0.097329,0.677370,-0.978671,-0.314533,0.494988,-0.696596,-0.377503,0.445876,-0.475404,-0.363088,0.501386,-0.913821,-0.074569,0.479494,-1.105895,-0.315123,0.317964,-0.768577,-0.319645,0.301266,-0.559842,-0.252682,0.330711,-1.000916,-0.072783,0.319443,-1.214132,-0.249910,0.231109,-0.950400,-0.244542,0.201872,-0.735333,-0.187016,1.000000,0.000000,0.000000,0.000000,-0.158857,-0.103855,-0.192871,-0.330273,-0.315516,-0.299392,-0.393341,-0.680370,-0.391038,-0.446331,-1.023454,-0.466426,-0.611201,-0.703856,-0.132359,-0.817365,-0.961096,-0.267367,-0.964544,-1.133126,-0.343431,-1.075309,-1.314248,-0.392933,-0.455665,-0.884244,-0.102382,-0.420137,-1.082996,-0.298025,-0.308550,-0.722059,-0.328390,-0.288423,-0.580177,-0.302014,-0.289099,-0.982732,-0.100732,-0.246468,-1.128029,-0.285289,-0.186315,-0.772747,-0.239807,-0.196072,-0.642108,-0.162996,-0.134985,-1.001445,-0.118135,-0.107487,-1.158238,-0.232701,-0.075899,-0.891729,-0.200554,-0.091440,-0.771972,-0.146767,1.000000
sign_1,0.000000,0.000000,0.000000,0.160155,0.008763,-0.260395,0.359973,-0.191503,-0.364846,0.424325,-0.611865,-0.438487,0.454076,-1.030865,-0.495040,0.766494,-0.511541,-0.185083,1.082547,-0.733108,-0.339050,1.284110,-0.900433,-0.431341,1.457765,-1.053622,-0.488068,0.627707,-0.767756,-0.128591,0.628751,-1.007589,-0.347766,0.455104,-0.720800,-0.405959,0.420713,-0.496219,-0.393513,0.459417,-0.958941,-0.104068,0.415950,-1.160019,-0.346142,0.263110,-0.816447,-0.340788,0.257681,-0.603951,-0.272525,0.289725,-1.065122,-0.101177,0.251917,-1.301581,-0.282868,0.154069,-1.042357,-0.273469,0.122952,-0.836351,-0.215802,1.000000,0.000000,0.000000,0.000000,-0.172855,-0.049074,-0.171698,-0.358462,-0.244694,-0.269928,-0.416651,-0.628765,-0.355023,-0.465706,-0.976487,-0.424339,-0.638651,-0.644178,-0.140788,-0.872900,-0.891513,-0.271200,-1.029051,-1.063475,-0.346863,-1.152117,-1.242217,-0.399996,-0.494222,-0.860716,-0.122119,-0.442846,-1.054493,-0.310027,-0.322905,-0.707900,-0.339903,-0.306265,-0.557675,-0.320458,-0.328456,-0.976609,-0.127103,-0.263832,-1.114395,-0.304388,-0.199118,-0.766563,-0.257374,-0.213368,-0.632536,-0.185713,-0.169015,-1.007329,-0.149070,-0.129065,-1.174134,-0.261664,-0.095750,-0.906410,-0.226994,-0.118852,-0.777336,-0.174113,1.000000
sign_1,0.000000,0.000000,0.000000,0.189861,0.182711,-0.262686,0.427480,0.180743,-0.398458,0.599746,-0.171930,-0.507559,0.720785,-0.596396,-0.601145,0.954037,0.033495,-0.204441,1.343507,0.075471,-0.411819,1.609602,0.082137,-0.540027,1.839811,0.113181,-0.617803,0.922168,-0.352484,-0.159251,0.896549,-0.628542,-0.425972,0.629315,-0.481698,-0.500595,0.561278,-0.299556,-0.490170,0.812763,-0.695479,-0.148506,0.678503,-0.934116,-0.420601,0.456192,-0.667799,-0.405673,0.439645,-0.463494,-0.325817,0.677387,-0.959682,-0.159762,0.547865,-1.144947,-0.357347,0.378339,-0.888415,-0.338959,0.348508,-0.684660,-0.266629,1.000000,0.000000,0.000000,0.000000,-0.189076,0.030986,-0.208260,-0.444200,-0.031322,-0.337116,-0.598457,-0.402486,-0.448893,-0.689555,-0.791511,-0.537965,-0.848110,-0.332647,-0.195763,-1.185314,-0.426664,-0.370256,-1.411234,-0.503461,-0.460054,-1.587480,-0.621341,-0.516192,-0.747311,-0.641746,-0.172305,-0.714534,-0.906382,-0.404829,-0.489481,-0.593246,-0.425164,-0.449504,-0.469297,-0.385575,-0.596027,-0.873631,-0.177703,-0.512691,-1.086417,-0.406192,-0.353554,-0.729380,-0.340161,-0.357487,-0.582354,-0.240632,-0.422588,-1.023053,-0.202517,-0.376299,-1.247580,-0.345078,-0.269436,-0.969243,-0.296893,-0.273559,-0.812832,-0.224542,1.000000
sign_1,0.000000,0.000000,0.000000,0.121190,0.403395,-0.210692,0.308744,0.678027,-0.338482,0.515889,0.574617,-0.455867,0.690743,0.351846,-0.565899,0.871689,0.795207,-0.188203,1.194753,1.256950,-0.385569,1.413662,1.508867,-0.511901,1.601070,1.714789,-0.590375,0.915647,0.360099,-0.178660,1.128690,0.321998,-0.464864,0.857767,0.263291,-0.553462,0.640687,0.305444,-0.543237,0.890746,-0.073171,-0.194352,0.956259,-0.119883,-0.467478,0.679376,-0.093175,-0.456941,0.497125,-0.023455,-0.371366,0.810231,-0.473459,-0.227073,0.849110,-0.531269,-0.411071,0.657319,-0.448514,-0.392164,0.544379,-0.347405,-0.322684,1.000000,0.000000,0.000000,0.000000,-0.185570,0.226940,-0.236534,-0.461828,0.397026,-0.399765,-0.709728,0.167352,-0.542631,-0.912706,-0.108982,-0.659699,-0.971740,0.319689,-0.273777,-1.374046,0.515150,-0.521541,-1.649211,0.637353,-0.666218,-1.875617,0.711377,-0.754606,-0.961560,-0.101828,-0.255017,-0.966014,-0.366937,-0.558097,-0.634675,-0.211588,-0.599045,-0.553496,-0.067454,-0.564003,-0.865825,-0.488526,-0.267650,-0.799431,-0.733454,-0.546528,-0.533285,-0.487502,-0.466246,-0.509425,-0.309889,-0.349621,-0.729699,-0.832372,-0.302983,-0.704371,-1.062649,-0.472060,-0.515017,-0.833896,-0.406662,-0.488417,-0.657910,-0.316131,1.000000
sign_1,0.000000,0.000000,0.000000,0.037451,0.366928,-0.170236,0.158404,0.696591,-0.290124,0.324124,0.796052,-0.400110,0.505224,0.676531,-0.503238,0.677140,0.942427,-0.223379,0.864939,1.400094,-0.391378,1.010392,1.666095,-0.498949,1.151738,1.876774,-0.570976,0.795650,0.563880,-0.221316,0.691085,0.620890,-0.444676,0.473950,0.525434,-0.515604,0.386672,0.474617,-0.523628,0.803828,0.169985,-0.233920,0.587713,0.226603,-0.427703,0.386577,0.236689,-0.414182,0.328693,0.260064,-0.364008,0.753317,-0.204061,-0.264830,0.553628,-0.124165,-0.394472,0.393044,-0.064283,-0.383983,0.359365,-0.006322,-0.340405,1.000000,0.000000,0.000000,0.000000,-0.087881,0.317612,-0.231654,-0.271304,0.641074,-0.390477,-0.495176,0.648672,-0.524571,-0.732873,0.553117,-0.637356,-0.814321,0.730848,-0.305946,-1.126898,1.145705,-0.539014,-1.352708,1.419165,-0.689102,-1.551505,1.605381,-0.791647,-0.913022,0.291546,-0.285292,-0.837190,0.122313,-0.578492,-0.532374,0.123129,-0.641541,-0.422980,0.189672,-0.632058,-0.883795,-0.139678,-0.289267,-0.708405,-0.298926,-0.530138,-0.461389,-0.167388,-0.466115,-0.433984,-0.042587,-0.378150,-0.798227,-0.542066,-0.318455,-0.634804,-0.667337,-0.466413,-0.440527,-0.515063,-0.417827,-0.420030,-0.376886,-0.347680,1.000000
sign_1,0.000000,0.000000,0.000000,0.028865,0.355976,-0.148309,0.138015,0.714353,-0.260923,0.298197,0.836218,-0.366989,0.466112,0.727351,-0.468607,0.634294,0.959547,-0.222400,0.801098,1.406979,-0.384148,0.944655,1.685947,-0.490422,1.080097,1.903557,-0.562273,0.773045,0.591223,-0.229904,0.595447,0.689669,-0.447954,0.399739,0.579163,-0.518435,0.321844,0.499757,-0.529395,0.790495,0.204599,-0.248542,0.520782,0.292097,-0.436004,0.335111,0.273436,-0.426636,0.279813,0.274998,-0.382835,0.740248,-0.156021,-0.283584,0.512368,-0.058210,-0.407655,0.358268,-0.006059,-0.399086,0.318738,0.051483,-0.359224,1.000000,0.000000,0.000000,0.000000,-0.046159,0.314686,-0.265833,-0.213618,0.646546,-0.448810,-0.435896,0.699989,-0.602689,-0.687502,0.589772,-0.735122,-0.755154,0.803854,-0.350452,-1.057964,1.207038,-0.612868,-1.279531,1.475833,-0.777785,-1.478258,1.668416,-0.889471,-0.881275,0.354589,-0.312444,-0.756031,0.265060,-0.604063,-0.459245,0.300163,-0.648340,-0.396127,0.364481,-0.633060,-0.859855,-0.089437,-0.306012,-0.641965,-0.168824,-0.559271,-0.405535,-0.026987,-0.490244,-0.414776,0.079929,-0.402926,-0.780422,-0.496025,-0.327696,-0.583910,-0.571690,-0.500344,-0.397111,-0.412909,-0.465922,-0.399385,-0.300094,-0.406356,1.000000
sign_1,0.000000,0.000000,0.000000,0.040130,0.346783,-0.164980,0.156674,0.677655,-0.291802,0.304600,0.778155,-0.410565,0.473266,0.675748,-0.523588,0.683800,0.918429,-0.239421,0.871323,1.356740,-0.407050,1.030506,1.629706,-0.515617,1.177260,1.833206,-0.590621,0.812825,0.528244,-0.245507,0.651870,0.601546,-0.461232,0.443667,0.515068,-0.525346,0.378346,0.474027,-0.535482,0.819335,0.122850,-0.265513,0.552519,0.195096,-0.460176,0.352643,0.206669,-0.442606,0.306314,0.236581,-0.395419,0.761032,-0.250144,-0.303415,0.547581,-0.190580,-0.437418,0.376926,-0.118479,-0.421356,0.333576,-0.037297,-0.376568,1.000000,0.000000,0.000000,0.000000,-0.049172,0.309686,-0.256800,-0.226173,0.627558,-0.433595,-0.449986,0.651195,-0.581710,-0.700661,0.568734,-0.708433,-0.766577,0.764767,-0.355156,-1.083217,1.163097,-0.620209,-1.310224,1.427812,-0.785733,-1.514983,1.617969,-0.897377,-0.891883,0.317894,-0.321697,-0.776163,0.196950,-0.616856,-0.465678,0.247182,-0.658088,-0.395140,0.321200,-0.640157,-0.867427,-0.116014,-0.318923,-0.646356,-0.232465,-0.575431,-0.399226,-0.072719,-0.503666,-0.402357,0.043399,-0.414159,-0.784799,-0.517559,-0.343567,-0.581956,-0.621619,-0.520312,-0.385047,-0.440422,-0.485622,-0.381878,-0.297284,-0.425238,1.000000
sign_1,0.000000,0.000000,0.000000,0.111084,0.304182,-0.247639,0.292474,0.405615,-0.405676,0.392142,-0.036523,-0.541719,0.470125,-0.516870,-0.667660,0.936019,0.099888,-0.243941,1.200770,-0.038984,-0.445865,1.308844,-0.161066,-0.574367,1.373976,-0.235249,-0.662509,0.898334,-0.373578,-0.231161,1.023652,-0.641918,-0.499977,0.735334,-0.564427,-0.592216,0.576669,-0.383651,-0.606199,0.774096,-0.756920,-0.248929,0.718989,-1.001199,-0.517847,0.450841,-0.783226,-0.519124,0.358045,-0.525015,-0.465364,0.605743,-1.056712,-0.286728,0.518680,-1.279454,-0.484868,0.327979,-1.056026,-0.493358,0.285311,-0.766661,-0.462097,1.000000,0.000000,0.000000,0.000000,-0.177805,0.209317,-0.185842,-0.426009,0.292835,-0.326082,-0.582411,-0.037804,-0.462423,-0.675785,-0.442874,-0.593941,-0.884647,-0.111537,-0.239164,-1.242678,-0.173615,-0.430387,-1.487597,-0.226139,-0.560156,-1.705479,-0.276913,-0.655874,-0.830751,-0.499075,-0.246529,-0.759432,-0.632828,-0.501584,-0.502797,-0.359791,-0.567611,-0.450110,-0.185944,-0.574171,-0.700329,-0.810536,-0.275453,-0.589727,-0.919610,-0.496294,-0.386975,-0.587212,-0.453773,-0.375336,-0.388453,-0.387326,-0.542087,-1.055080,-0.326135,-0.474961,-1.181194,-0.465927,-0.333941,-0.905274,-0.425308,-0.318349,-0.721318,-0.365733,1.000000
sign_1,0.000000,0.000000,0.000000,0.167829,0.077757,-0.174307,0.350142,-0.036296,-0.273375,0.300885,-0.410228,-0.350234,0.256718,-0.737093,-0.413407,0.584571,-0.687889,-0.212448,0.694022,-1.207266,-0.370812,0.759523,-1.574068,-0.479291,0.814516,-1.909546,-0.556995,0.431583,-0.881249,-0.192708,0.334582,-0.888244,-0.393349,0.226144,-0.476306,-0.436156,0.225464,-0.261854,-0.430076,0.270471,-0.973748,-0.194183,0.146021,-0.912243,-0.361945,0.095901,-0.542745,-0.321999,0.153116,-0.388546,-0.264223,0.111364,-0.991536,-0.216040,0.014299,-0.905966,-0.330123,-0.013551,-0.590466,-0.299460,0.044657,-0.456162,-0.250014,1.000000,0.000000,0.000000,0.000000,-0.211966,0.093875,-0.085431,-0.468747,-0.080348,-0.153362,-0.541790,-0.425699,-0.230886,-0.528416,-0.734333,-0.306740,-0.690087,-0.620383,-0.115313,-0.914731,-1.056577,-0.260173,-1.041217,-1.354308,-0.358175,-1.141654,-1.669166,-0.427032,-0.536287,-0.830477,-0.150677,-0.566312,-0.876591,-0.345448,-0.441603,-0.496298,-0.379126,-0.385828,-0.423872,-0.368099,-0.359733,-0.961890,-0.202161,-0.391820,-0.983125,-0.357950,-0.304826,-0.601109,-0.285454,-0.277951,-0.551823,-0.207506,-0.169018,-1.057583,-0.267927,-0.223560,-1.096565,-0.350186,-0.181228,-0.770682,-0.281239,-0.167342,-0.687520,-0.210575,1.000000
sign_1,0.000000,0.000000,0.000000,0.192266,0.050436,-0.180280,0.371560,-0.088900,-0.277601,0.355753,-0.420547,-0.354429,0.298042,-0.736624,-0.417321,0.586215,-0.738686,-0.183831,0.690623,-1.236180,-0.311821,0.733219,-1.571575,-0.389546,0.764998,-1.848755,-0.440939,0.435850,-0.886135,-0.157477,0.387241,-0.920218,-0.333362,0.307874,-0.586353,-0.374857,0.309870,-0.403852,-0.367936,0.276646,-0.947626,-0.150654,0.210390,-0.935223,-0.312042,0.166759,-0.622126,-0.286967,0.196936,-0.485529,-0.234535,0.122808,-0.953230,-0.162165,0.074906,-0.938276,-0.268500,0.054042,-0.703780,-0.244719,0.077888,-0.593676,-0.198970,1.000000,0.000000,0.000000,0.000000,-0.203912,0.128292,-0.134858,-0.456902,-0.009796,-0.226318,-0.534413,-0.373832,-0.317044,-0.541665,-0.722162,-0.400474,-0.683025,-0.653299,-0.151667,-0.884779,-1.122239,-0.299014,-0.977775,-1.439329,-0.391681,-1.051213,-1.765684,-0.455807,-0.524898,-0.835600,-0.162033,-0.513365,-0.935926,-0.376155,-0.413708,-0.522014,-0.424084,-0.399311,-0.368898,-0.416455,-0.352593,-0.942388,-0.190114,-0.336933,-0.990592,-0.383176,-0.268820,-0.561925,-0.338677,-0.280628,-0.420187,-0.268194,-0.177190,-0.995097,-0.232131,-0.189081,-1.047287,-0.351428,-0.153067,-0.711127,-0.307687,-0.169475,-0.567586,-0.245802,1.000000
sign_1,0.000000,0.000000,0.000000,0.191391,0.015740,-0.165670,0.368652,-0.170304,-0.248529,0.362137,-0.505675,-0.313336,0.310862,-0.802191,-0.363052,0.557935,-0.788406,-0.163048,0.658931,-1.292807,-0.289883,0.683667,-1.613751,-0.360814,0.696659,-1.899385,-0.405898,0.404177,-0.903756,-0.140947,0.358016,-0.963078,-0.306312,0.293253,-0.598699,-0.334360,0.310783,-0.428980,-0.319910,0.244530,-0.948004,-0.139826,0.180527,-0.947896,-0.300275,0.146676,-0.594410,-0.270394,0.186054,-0.467898,-0.214613,0.089974,-0.940719,-0.155732,0.046288,-0.916713,-0.262339,0.031649,-0.646278,-0.238422,0.060688,-0.538498,-0.193799,1.000000,0.000000,0.000000,0.000000,-0.202628,0.090651,-0.116314,-0.450196,-0.095563,-0.192601,-0.519204,-0.477985,-0.272982,-0.500859,-0.820318,-0.346839,-0.631507,-0.717172,-0.116041,-0.805314,-1.204021,-0.253233,-0.875890,-1.525293,-0.335043,-0.931107,-1.837407,-0.390491,-0.477670,-0.868628,-0.131590,-0.470602,-0.968020,-0.339647,-0.372795,-0.571729,-0.380616,-0.352407,-0.437330,-0.366224,-0.317682,-0.954448,-0.165672,-0.302428,-1.005450,-0.351806,-0.238984,-0.592332,-0.304709,-0.247328,-0.475990,-0.232025,-0.152764,-0.996259,-0.213070,-0.159702,-1.039347,-0.321703,-0.126428,-0.713216,-0.277761,-0.137864,-0.597875,-0.217905,1.000000
sign_1,0.000000,0.000000,0.000000,0.196112,0.007865,-0.155121,0.385819,-0.214044,-0.226475,0.411900,-0.553273,-0.284467,0.363550,-0.854690,-0.330184,0.576199,-0.800417,-0.137038,0.709902,-1.310859,-0.253385,0.755263,-1.635980,-0.318988,0.780409,-1.917711,-0.360388,0.422698,-0.898530,-0.118195,0.395996,-1.026220,-0.282169,0.324658,-0.681313,-0.315230,0.325749,-0.499547,-0.302655,0.261037,-0.934464,-0.118633,0.213262,-0.998359,-0.285927,0.167889,-0.642572,-0.259892,0.183571,-0.489717,-0.201602,0.101826,-0.925087,-0.133517,0.082041,-0.986656,-0.245008,0.059412,-0.719172,-0.216762,0.067899,-0.582466,-0.166014,1.000000,0.000000,0.000000,0.000000,-0.213216,0.054809,-0.120606,-0.458611,-0.162034,-0.207405,-0.533519,-0.547954,-0.298651,-0.517227,-0.903243,-0.381511,-0.613914,-0.742367,-0.124472,-0.816357,-1.231808,-0.275365,-0.911003,-1.542414,-0.355066,-0.980719,-1.853414,-0.406608,-0.450296,-0.880817,-0.146267,-0.495244,-1.043829,-0.368114,-0.395511,-0.617302,-0.394389,-0.362548,-0.498119,-0.362065,-0.283581,-0.957109,-0.188631,-0.314944,-1.035814,-0.388268,-0.248361,-0.606565,-0.319342,-0.243739,-0.526590,-0.225984,-0.112848,-0.987438,-0.245125,-0.158847,-1.041488,-0.357809,-0.129915,-0.707488,-0.298122,-0.129384,-0.617168,-0.225550,1.000000
sign_1,0.000000,0.000000,0.000000,0.177176,-0.126538,-0.132517,0.309439,-0.427605,-0.192623,0.277649,-0.778988,-0.239950,0.200957,-1.045208,-0.273274,0.452448,-0.920342,-0.107929,0.500047,-1.405791,-0.223809,0.491281,-1.713254,-0.298092,0.479079,-1.983047,-0.345914,0.297625,-0.949640,-0.097999,0.230352,-1.140634,-0.248319,0.204507,-0.800485,-0.285795,0.242367,-0.620417,-0.282642,0.147082,-0.933843,-0.107300,0.068661,-1.051354,-0.256096,0.069035,-0.713996,-0.236008,0.121356,-0.570477,-0.188704,0.006422,-0.871099,-0.130432,-0.046942,-0.985663,-0.222781,-0.041073,-0.745995,-0.195919,-0.004212,-0.624135,-0.153566,1.000000,0.000000,0.000000,0.000000,-0.203083,-0.065203,-0.089625,-0.387249,-0.396609,-0.148241,-0.397750,-0.795715,-0.215212,-0.322683,-1.106426,-0.279532,-0.475697,-0.852892,-0.087074,-0.585507,-1.373312,-0.210381,-0.620201,-1.680281,-0.283795,-0.640095,-1.977847,-0.331712,-0.321961,-0.940819,-0.105832,-0.310582,-1.120256,-0.290862,-0.270829,-0.746404,-0.327870,-0.271120,-0.608195,-0.312929,-0.167907,-0.971498,-0.139939,-0.155892,-1.095898,-0.303425,-0.142564,-0.719088,-0.262916,-0.158935,-0.613883,-0.195556,-0.013200,-0.969370,-0.184542,-0.021144,-1.087361,-0.272015,-0.035154,-0.807986,-0.227232,-0.059267,-0.703985,-0.169401,1.000000
sign_1,0.000000,0.000000,0.000000,0.148591,-0.247786,-0.096747,0.204304,-0.640728,-0.146307,0.164031,-0.991336,-0.193534,0.041119,-1.228583,-0.228751,0.142654,-1.068269,-0.053204,0.108133,-1.485011,-0.144504,0.058803,-1.711758,-0.192821,-0.006267,-1.917387,-0.221729,0.014128,-0.998190,-0.058458,0.020377,-1.189299,-0.170223,0.077156,-0.853440,-0.182240,0.105444,-0.783177,-0.164453,-0.100935,-0.895717,-0.081659,-0.094915,-1.045074,-0.216305,-0.022281,-0.696758,-0.178398,-0.000510,-0.617687,-0.118372,-0.211827,-0.764782,-0.114105,-0.199543,-0.908766,-0.194883,-0.128435,-0.693726,-0.153655,-0.108557,-0.608970,-0.103753,1.000000,0.000000,0.000000,0.000000,-0.143357,-0.198774,-0.082241,-0.235444,-0.594354,-0.135459,-0.187624,-0.944911,-0.197371,-0.080201,-1.180584,-0.256972,-0.185025,-1.041959,-0.061407,-0.146246,-1.506813,-0.174655,-0.097812,-1.761550,-0.242925,-0.046721,-2.011993,-0.286496,-0.040225,-0.995714,-0.083281,-0.014389,-1.233163,-0.244989,-0.064940,-0.887602,-0.273986,-0.096547,-0.749633,-0.254604,0.094663,-0.902144,-0.121854,0.107970,-1.052148,-0.267207,0.035695,-0.721821,-0.228907,-0.003729,-0.624791,-0.164629,0.224219,-0.780145,-0.170062,0.221918,-0.928633,-0.246862,0.155277,-0.709252,-0.202908,0.118645,-0.620425,-0.148015,1.000000
sign_1,0.000000,0.000000,0.000000,0.135821,-0.298676,-0.097848,0.152832,-0.757149,-0.144407,0.075349,-1.099658,-0.188344,-0.071395,-1.276511,-0.222658,-0.039561,-1.126875,-0.075618,-0.161492,-1.562288,-0.172725,-0.260255,-1.794916,-0.219675,-0.371194,-1.974528,-0.248253,-0.148993,-0.985301,-0.083570,-0.130434,-1.240444,-0.201898,-0.007552,-0.910175,-0.204827,0.004530,-0.811901,-0.180426,-0.242835,-0.815872,-0.108542,-0.214344,-1.045520,-0.252565,-0.079746,-0.728530,-0.198486,-0.079010,-0.620379,-0.127990,-0.333272,-0.609734,-0.142447,-0.299853,-0.837638,-0.235017,-0.187572,-0.653361,-0.183413,-0.186112,-0.533586,-0.125654,1.000000,0.000000,0.000000,0.000000,-0.126398,-0.248030,-0.078548,-0.151692,-0.706122,-0.122059,-0.043964,-1.046979,-0.174723,0.080818,-1.264466,-0.222267,0.006911,-1.122451,-0.042544,0.109729,-1.545262,-0.152364,0.198618,-1.762331,-0.208577,0.297837,-1.950300,-0.240415,0.137646,-0.988319,-0.065417,0.176961,-1.205927,-0.226639,0.058551,-0.872703,-0.243333,0.022346,-0.763752,-0.210285,0.254654,-0.816205,-0.106528,0.276504,-0.959599,-0.258958,0.144164,-0.646688,-0.203675,0.112128,-0.569924,-0.122221,0.360987,-0.613859,-0.157170,0.380328,-0.772751,-0.237657,0.273891,-0.578776,-0.183084,0.239976,-0.508746,-0.116410,1.000000
sign_1,0.000000,0.000000,0.000000,0.122665,-0.270480,-0.094898,0.152189,-0.687613,-0.156367,0.095385,-1.023841,-0.218584,-0.034137,-1.220574,-0.275795,-0.049869,-1.110231,-0.089574,-0.165126,-1.509523,-0.188705,-0.270955,-1.746212,-0.238526,-0.382344,-1.917579,-0.269856,-0.167878,-0.980900,-0.098251,-0.121414,-1.199679,-0.235137,-0.014367,-0.878456,-0.247815,-0.013032,-0.765234,-0.224653,-0.264072,-0.815833,-0.119867,-0.197750,-0.976698,-0.269575,-0.086858,-0.687326,-0.220746,-0.093206,-0.582606,-0.152174,-0.351434,-0.617495,-0.149256,-0.284929,-0.795279,-0.245199,-0.183147,-0.612172,-0.197062,-0.181127,-0.505091,-0.138560,1.000000,0.000000,0.000000,0.000000,-0.122030,-0.260527,-0.095908,-0.137473,-0.717788,-0.147628,-0.024764,-1.043068,-0.204550,0.109452,-1.256256,-0.255216,0.054160,-1.146619,-0.063482,0.189247,-1.558325,-0.178150,0.293970,-1.773319,-0.238158,0.405822,-1.954078,-0.273260,0.178580,-0.980792,-0.078465,0.236547,-1.226936,-0.244148,0.101101,-0.903449,-0.259333,0.062976,-0.770159,-0.224600,0.289331,-0.785043,-0.113019,0.328284,-0.942342,-0.273401,0.175425,-0.644294,-0.216390,0.135857,-0.559665,-0.131956,0.388780,-0.559592,-0.158141,0.442327,-0.753767,-0.246366,0.319216,-0.573210,-0.190341,0.267908,-0.499927,-0.122093,1.000000
sign_1,0.000000,0.000000,0.000000,0.108775,-0.244917,-0.067933,0.142479,-0.695166,-0.117872,0.071799,-1.043646,-0.172550,-0.057743,-1.209669,-0.225403,-0.065377,-1.106914,-0.055008,-0.156550,-1.448675,-0.128648,-0.257348,-1.688265,-0.155066,-0.355283,-1.852764,-0.171958,-0.184847,-0.980208,-0.070882,-0.114034,-1.188086,-0.176728,-0.006968,-0.823185,-0.164415,-0.020595,-0.692737,-0.126044,-0.265269,-0.818828,-0.097604,-0.193417,-0.985333,-0.234457,-0.076317,-0.659249,-0.175877,-0.096872,-0.526070,-0.102400,-0.346226,-0.611887,-0.127843,-0.276240,-0.808604,-0.218541,-0.173967,-0.602249,-0.165572,-0.184949,-0.482495,-0.105829,1.000000,0.000000,0.000000,0.000000,-0.128215,-0.282174,-0.070474,-0.131912,-0.748105,-0.108812,-0.024348,-1.060478,-0.155683,0.099353,-1.265246,-0.196873,0.055211,-1.135834,-0.034607,0.180340,-1.517641,-0.137204,0.275271,-1.716656,-0.193229,0.383372,-1.881588,-0.226891,0.171812,-0.983461,-0.057314,0.216928,-1.209096,-0.210470,0.087717,-0.894166,-0.227514,0.062498,-0.766551,-0.196693,0.280133,-0.804392,-0.096949,0.305174,-0.962008,-0.238140,0.165923,-0.677537,-0.179127,0.145263,-0.597071,-0.098982,0.377432,-0.596742,-0.145880,0.412021,-0.786084,-0.215723,0.300830,-0.605826,-0.154722,0.274376,-0.530629,-0.087044,1.000000
sign_1,0.000000,0.000000,0.000000,0.091514,-0.426295,-0.044134,0.063752,-0.863429,-0.082096,0.007913,-1.188120,-0.133743,-0.113838,-1.400928,-0.177618,-0.245391,-1.078519,-0.007814,-0.393683,-1.410237,-0.101143,-0.499543,-1.628221,-0.152648,-0.618912,-1.792557,-0.183268,-0.328179,-0.943538,-0.045116,-0.220115,-1.327409,-0.174154,-0.060457,-1.020609,-0.187428,-0.076279,-0.857651,-0.159171,-0.378014,-0.796903,-0.096777,-0.227214,-1.111070,-0.246290,-0.085561,-0.820993,-0.203516,-0.128070,-0.662638,-0.130960,-0.406309,-0.619781,-0.152205,-0.281334,-0.919782,-0.243955,-0.163653,-0.759786,-0.195024,-0.183250,-0.607155,-0.132885,1.000000,0.000000,0.000000,0.000000,-0.088846,-0.395536,-0.011493,-0.057379,-0.856211,-0.035132,0.020104,-1.165348,-0.087758,0.142062,-1.385254,-0.140332,0.226236,-1.076439,0.051849,0.372596,-1.464641,-0.045498,0.466552,-1.680675,-0.100238,0.584583,-1.829635,-0.134384,0.307782,-0.951421,-0.008206,0.253469,-1.282292,-0.175576,0.100999,-0.999445,-0.207993,0.112947,-0.810085,-0.180180,0.384139,-0.785534,-0.083713,0.294276,-1.024431,-0.235537,0.155534,-0.740680,-0.179993,0.190221,-0.610554,-0.095122,0.458593,-0.568059,-0.164517,0.381040,-0.816428,-0.231312,0.266419,-0.644984,-0.167342,0.290143,-0.534831,-0.095838,1.000000
sign_1,0.000000,0.000000,0.000000,-0.207754,-0.425274,0.034914,-0.324223,-0.941864,-0.041913,-0.307183,-1.417288,-0.141101,-0.214621,-1.728389,-0.240507,-0.555763,-0.869585,-0.169601,-0.796980,-1.357906,-0.296784,-0.958002,-1.646244,-0.368842,-1.088245,-1.885006,-0.416588,-0.457933,-0.849030,-0.263524,-0.327804,-1.549336,-0.391964,-0.202028,-1.442896,-0.381430,-0.183322,-1.265449,-0.362262,-0.288868,-0.825738,-0.348076,-0.136466,-1.445989,-0.432144,-0.071675,-1.270754,-0.344914,-0.092230,-1.090236,-0.280731,-0.096747,-0.828369,-0.433540,-0.003914,-1.361607,-0.437043,0.040525,-1.195809,-0.337636,0.027224,-1.014426,-0.270177,1.000000,0.000000,0.000000,0.000000,0.048423,-0.511093,0.004978,0.116627,-0.977932,-0.049004,0.114606,-1.349526,-0.115574,0.119678,-1.639027,-0.185958,0.435568,-1.035281,-0.094840,0.611045,-1.465148,-0.213399,0.735678,-1.772035,-0.288332,0.846233,-2.009924,-0.344559,0.408712,-0.899008,-0.157288,0.158781,-1.499203,-0.300615,0.040816,-1.333153,-0.310895,0.064379,-1.131179,-0.303614,0.299038,-0.772383,-0.221749,0.024009,-1.269957,-0.339228,-0.043825,-1.096742,-0.272694,0.011746,-0.935438,-0.212571,0.155291,-0.669957,-0.288390,-0.061856,-1.099994,-0.374991,-0.118076,-0.968797,-0.335542,-0.072073,-0.829183,-0.289788,1.000000
sign_1,0.000000,0.000000,0.000000,-0.281964,-0.360418,0.014356,-0.412028,-0.866410,-0.040021,-0.410381,-1.372208,-0.092007,-0.351701,-1.770757,-0.143623,-0.450052,-0.867455,-0.200897,-0.609556,-1.516467,-0.286961,-0.671463,-1.893269,-0.324883,-0.714261,-2.202693,-0.345554,-0.238755,-0.940587,-0.241438,-0.308714,-1.634650,-0.293353,-0.307041,-1.733335,-0.266656,-0.310632,-1.748106,-0.251689,-0.023571,-1.000847,-0.265913,-0.116046,-1.604513,-0.280171,-0.125522,-1.456089,-0.178932,-0.118591,-1.253301,-0.112215,0.165841,-1.036422,-0.290525,0.040589,-1.530594,-0.256715,0.015370,-1.398400,-0.149415,0.032835,-1.229330,-0.074932,1.000000,0.000000,0.000000,0.000000,0.192290,-0.402072,0.033495,0.269951,-0.925664,-0.005510,0.206446,-1.348925,-0.047560,0.117636,-1.613309,-0.105865,0.333455,-0.992265,-0.180380,0.484811,-1.539476,-0.287584,0.584222,-1.875190,-0.342514,0.655185,-2.148427,-0.378413,0.169980,-0.957861,-0.231535,0.044933,-1.522775,-0.317176,0.006885,-1.296398,-0.285459,0.041032,-1.064864,-0.260575,-0.019793,-0.884863,-0.270107,-0.123710,-1.318198,-0.332389,-0.124282,-1.113830,-0.243661,-0.089371,-0.918309,-0.177832,-0.205119,-0.785543,-0.303002,-0.245573,-1.205889,-0.338299,-0.242389,-1.051314,-0.267378,-0.223610,-0.883809,-0.207980,1.000000
sign_1,0.000000,0.000000,0.000000,-0.245404,-0.356704,0.001339,-0.330088,-0.855683,-0.031468,-0.294842,-1.321054,-0.055592,-0.210610,-1.641202,-0.079051,-0.341480,-0.914137,-0.157812,-0.437210,-1.532889,-0.229386,-0.460771,-1.900844,-0.262553,-0.471342,-2.211641,-0.282071,-0.144028,-0.973278,-0.178845,-0.197686,-1.570616,-0.226249,-0.204519,-1.441964,-0.192137,-0.205738,-1.258743,-0.157912,0.045324,-0.981278,-0.189237,-0.022907,-1.461062,-0.200666,-0.051268,-1.324234,-0.115377,-0.053407,-1.147983,-0.051313,0.209225,-0.946333,-0.199815,0.114692,-1.357915,-0.170958,0.069588,-1.253543,-0.084827,0.073203,-1.100096,-0.019563,1.000000,0.000000,0.000000,0.000000,0.206653,-0.389084,0.027125,0.281122,-0.907793,-0.003529,0.242184,-1.335719,-0.027320,0.150907,-1.598995,-0.066480,0.316013,-0.982711,-0.208952,0.429441,-1.586861,-0.302990,0.498738,-1.949814,-0.350855,0.540203,-2.244298,-0.380681,0.135655,-0.960890,-0.241428,0.061927,-1.518929,-0.281188,0.035626,-1.317879,-0.223900,0.049933,-1.102602,-0.192372,-0.062426,-0.892740,-0.259690,-0.106496,-1.328299,-0.277312,-0.098759,-1.147246,-0.174584,-0.080002,-0.960381,-0.114384,-0.246811,-0.789439,-0.273306,-0.248199,-1.216873,-0.275253,-0.229662,-1.063331,-0.190226,-0.223442,-0.886515,-0.130883,1.000000
sign_1,0.000000,0.000000,0.000000,-0.159797,-0.373044,0.033623,-0.162298,-0.785385,0.034411,-0.064329,-1.016647,0.024844,0.046380,-1.092800,0.007806,-0.095529,-1.030726,-0.026141,-0.051722,-1.508049,-0.051209,0.011431,-1.805877,-0.073275,0.065537,-2.035374,-0.090946,0.067521,-0.996349,-0.052250,0.064498,-1.264351,-0.056748,0.028950,-1.165319,-0.041100,0.011246,-1.037730,-0.032318,0.201423,-0.885233,-0.071554,0.148020,-1.046829,-0.052082,0.110413,-0.971630,-0.010959,0.092511,-0.851066,0.008626,0.304244,-0.749771,-0.090848,0.236234,-0.865540,-0.048314,0.197693,-0.798030,0.005387,0.185421,-0.705588,0.040530,1.000000,0.000000,0.000000,0.000000,0.139201,-0.447012,0.046657,0.118243,-0.860485,0.055735,0.035837,-1.122919,0.061729,-0.071989,-1.238212,0.062471,0.106936,-1.027545,-0.063399,0.073469,-1.615404,-0.080054,0.044142,-1.942133,-0.089301,0.018406,-2.206617,-0.101384,-0.061169,-0.994599,-0.083856,-0.100173,-1.317077,-0.051516,-0.074908,-1.171179,-0.001676,-0.044410,-1.019240,0.015670,-0.208729,-0.889279,-0.094307,-0.207912,-1.110157,-0.032064,-0.173272,-0.986262,0.033434,-0.161543,-0.860562,0.049225,-0.345102,-0.741155,-0.104821,-0.310745,-0.952062,-0.051719,-0.275798,-0.840132,0.003498,-0.263455,-0.717627,0.031114,1.000000
sign_1,0.000000,0.000000,0.000000,-0.033709,-0.419482,0.068370,0.080877,-0.769825,0.087031,0.205228,-0.868288,0.086347,0.312268,-0.834783,0.076168,0.163720,-1.077948,0.019615,0.368692,-1.367730,0.030720,0.501749,-1.505607,0.031637,0.607897,-1.601328,0.025309,0.288594,-0.957261,-0.019102,0.384793,-0.902023,0.013535,0.324535,-0.798924,0.022420,0.261984,-0.765383,0.014489,0.382037,-0.736675,-0.044980,0.404781,-0.706665,-0.000284,0.346075,-0.614319,0.024960,0.287932,-0.573462,0.024339,0.436914,-0.520337,-0.067183,0.435434,-0.517925,-0.006132,0.387527,-0.442131,0.044436,0.340039,-0.389884,0.073726,1.000000,0.000000,0.000000,0.000000,0.077432,-0.413594,0.074000,-0.017260,-0.724332,0.097691,-0.140359,-0.887651,0.104721,-0.255546,-0.873583,0.103156,-0.177556,-1.042265,0.022488,-0.341185,-1.329898,0.035913,-0.454736,-1.480539,0.036936,-0.541391,-1.585008,0.030874,-0.301022,-0.953539,-0.012173,-0.337413,-0.876224,0.028307,-0.290681,-0.766169,0.051568,-0.233809,-0.705894,0.051937,-0.382631,-0.745081,-0.035266,-0.371570,-0.671577,0.010345,-0.333413,-0.590527,0.034369,-0.292464,-0.533381,0.030827,-0.448671,-0.523046,-0.054934,-0.428891,-0.485344,-0.013449,-0.378260,-0.414285,0.018185,-0.330954,-0.358389,0.035010,1.000000
sign_1,0.000000,0.000000,0.000000,-0.014002,-0.451638,0.078356,0.133571,-0.743759,0.095155,0.272187,-0.831482,0.091762,0.363107,-0.779159,0.078430,0.275661,-1.077299,0.007556,0.537205,-1.298583,0.021841,0.689607,-1.383301,0.029117,0.811962,-1.430223,0.025850,0.403131,-0.914493,-0.034472,0.494340,-0.782962,0.004974,0.425311,-0.687992,0.025075,0.363807,-0.655765,0.023003,0.475424,-0.650565,-0.060799,0.471522,-0.565615,0.003086,0.408736,-0.490685,0.041076,0.350563,-0.469358,0.041798,0.505229,-0.408312,-0.084943,0.480504,-0.350654,-0.007096,0.427254,-0.296419,0.049056,0.372888,-0.273962,0.078883,1.000000,0.000000,0.000000,0.000000,0.055435,-0.425064,0.055594,-0.071897,-0.717070,0.062298,-0.222923,-0.843315,0.056147,-0.334771,-0.810707,0.041499,-0.283758,-1.036877,-0.026276,-0.499219,-1.276763,-0.036988,-0.647249,-1.406012,-0.051278,-0.757369,-1.486067,-0.067798,-0.405311,-0.912470,-0.055868,-0.453448,-0.729545,-0.040261,-0.383911,-0.624050,-0.020706,-0.310868,-0.592143,-0.020418,-0.476413,-0.664316,-0.073960,-0.473519,-0.514749,-0.047026,-0.417500,-0.446502,-0.018030,-0.359231,-0.423269,-0.015967,-0.530539,-0.403436,-0.090162,-0.493758,-0.304058,-0.066096,-0.425914,-0.241739,-0.038679,-0.372715,-0.210510,-0.021551,1.000000
sign_1,0.000000,0.000000,0.000000,0.038564,-0.468104,0.075553,0.218666,-0.760277,0.092443,0.371937,-0.822814,0.087803,0.486185,-0.741316,0.075454,0.376776,-1.063605,0.006023,0.653608,-1.284503,0.002709,0.825807,-1.352083,0.001662,0.952452,-1.383638,-0.003967,0.498332,-0.865997,-0.041416,0.635228,-0.746749,-0.024676,0.561032,-0.660156,-0.006414,0.474146,-0.648640,-0.002316,0.560058,-0.580884,-0.076114,0.586539,-0.486432,-0.033934,0.515100,-0.412859,0.003383,0.442340,-0.402675,0.010332,0.575363,-0.316289,-0.109302,0.570373,-0.234008,-0.047308,0.506925,-0.182569,0.004786,0.441653,-0.170677,0.035099,1.000000,0.000000,0.000000,0.000000,0.026451,-0.469284,0.073359,-0.134300,-0.748365,0.091308,-0.312388,-0.849455,0.094321,-0.423320,-0.786270,0.087055,-0.357712,-1.021231,-0.011734,-0.599098,-1.246089,-0.007935,-0.762983,-1.358890,-0.013262,-0.885580,-1.429844,-0.024868,-0.483898,-0.874043,-0.043481,-0.523193,-0.678633,-0.010068,-0.449971,-0.578818,0.015474,-0.376977,-0.551435,0.017166,-0.546461,-0.606896,-0.060269,-0.537495,-0.462904,-0.015259,-0.478499,-0.396306,0.016369,-0.419996,-0.365128,0.016650,-0.588152,-0.327227,-0.073629,-0.559848,-0.242827,-0.031461,-0.489120,-0.189391,0.003683,-0.427363,-0.152341,0.024177,1.000000
sign_1,0.000000,0.000000,0.000000,0.281307,-0.432849,0.052477,0.674495,-0.557716,0.022381,0.972930,-0.352396,-0.030448,1.167799,-0.065961,-0.087419,0.833215,-0.857490,-0.070833,1.251746,-0.664918,-0.128264,1.485982,-0.542249,-0.167490,1.666929,-0.478400,-0.202594,0.822701,-0.548402,-0.149728,1.131060,-0.081740,-0.205180,1.001566,-0.041427,-0.204926,0.865274,-0.178213,-0.211267,0.780769,-0.167744,-0.216653,1.024397,0.195480,-0.226853,0.882890,0.208470,-0.154678,0.755496,0.094499,-0.119492,0.713541,0.188078,-0.285756,0.903460,0.417094,-0.241003,0.781768,0.412319,-0.152740,0.664904,0.318599,-0.098549,1.000000,0.000000,0.000000,0.000000,-0.210048,-0.478164,0.078864,-0.535927,-0.609567,0.088183,-0.778577,-0.493045,0.078098,-0.901017,-0.253440,0.057803,-0.781200,-0.832465,-0.004848,-1.144126,-0.788989,-0.036653,-1.373628,-0.744929,-0.068145,-1.552452,-0.693423,-0.098619,-0.803985,-0.590946,-0.066267,-1.000200,-0.141708,-0.073996,-0.868645,-0.065247,-0.050847,-0.754266,-0.163281,-0.049299,-0.783833,-0.256547,-0.118138,-0.920231,0.141030,-0.098555,-0.798791,0.170306,-0.050461,-0.707814,0.055525,-0.041238,-0.742140,0.090698,-0.169417,-0.851543,0.335667,-0.147623,-0.735813,0.348383,-0.100336,-0.639077,0.268220,-0.072470,1.000000
sign_1,0.000000,0.000000,0.000000,0.474088,-0.288353,-0.000546,0.880545,-0.307218,-0.099672,1.118558,-0.067131,-0.219083,1.221985,0.165718,-0.334222,0.882407,-0.852443,-0.205153,1.072192,-0.445511,-0.364306,1.149297,-0.195055,-0.471716,1.215650,0.022215,-0.548559,0.664358,-0.682159,-0.305431,0.932716,0.241449,-0.448202,0.845217,0.228594,-0.453415,0.774693,0.068357,-0.468867,0.447554,-0.437004,-0.406012,0.713229,0.414113,-0.498692,0.623962,0.280969,-0.419067,0.557738,0.059625,-0.375159,0.243018,-0.177277,-0.517886,0.502415,0.493761,-0.543130,0.461468,0.404257,-0.472190,0.390380,0.187117,-0.431701,1.000000,0.000000,0.000000,0.000000,-0.371713,-0.315365,0.024993,-0.820799,-0.179608,-0.030682,-1.143579,0.217953,-0.106101,-1.328775,0.589477,-0.193239,-1.035708,-0.502433,-0.106091,-1.468123,-0.247174,-0.220275,-1.727049,-0.083706,-0.286451,-1.935937,0.054029,-0.341976,-0.927521,-0.321202,-0.191138,-1.190815,0.524392,-0.323015,-1.017935,0.520962,-0.320245,-0.906166,0.310648,-0.317469,-0.766304,-0.016639,-0.273178,-0.996081,0.730501,-0.395112,-0.841559,0.646907,-0.321392,-0.744432,0.431308,-0.264296,-0.597829,0.327436,-0.353790,-0.827398,0.834735,-0.447220,-0.718467,0.796403,-0.397993,-0.622774,0.658132,-0.350154,1.000000
sign_1,0.000000,0.000000,0.000000,0.238566,-0.001193,-0.149532,0.385506,-0.020857,-0.284998,0.280773,0.085767,-0.398699,0.086627,0.208694,-0.495053,0.354714,-0.838139,-0.325331,0.384654,-0.639111,-0.500840,0.297586,-0.474824,-0.594322,0.193012,-0.449398,-0.647921,0.129037,-0.936605,-0.325763,0.100553,-0.217411,-0.481935,0.129376,0.101499,-0.495895,0.151034,0.131048,-0.496415,-0.072972,-0.839251,-0.337017,-0.066959,-0.087237,-0.440638,0.023652,0.083672,-0.380515,0.098505,-0.018735,-0.332971,-0.224884,-0.645714,-0.368917,-0.189915,-0.087292,-0.443953,-0.103248,0.076616,-0.406907,-0.032880,0.043958,-0.364923,1.000000,0.000000,0.000000,0.000000,-0.501600,-0.141037,-0.011845,-0.955459,0.082189,-0.101849,-1.198307,0.535083,-0.207189,-1.264239,0.948686,-0.328323,-1.042507,-0.568619,-0.177567,-1.348414,-0.282576,-0.311372,-1.559872,-0.102899,-0.392504,-1.754282,0.042099,-0.466499,-0.821819,-0.496638,-0.279219,-1.099907,0.661919,-0.451410,-0.961284,0.650348,-0.473934,-0.897296,0.411237,-0.491251,-0.566784,-0.269117,-0.378473,-0.815907,0.805249,-0.563655,-0.691016,0.617288,-0.514406,-0.624298,0.294180,-0.460945,-0.325259,0.009534,-0.475722,-0.610998,0.826179,-0.627653,-0.534370,0.738807,-0.594619,-0.456435,0.488352,-0.552424,1.000000
sign_1,0.000000,0.000000,0.000000,0.201245,-0.130312,-0.231932,0.206795,-0.363679,-0.416576,-0.064374,-0.518610,-0.563073,-0.266889,-0.697202,-0.716360,0.362988,-0.819424,-0.440514,0.207855,-1.360672,-0.663513,0.031744,-1.863256,-0.815480,-0.105109,-2.224321,-0.922978,0.104517,-0.903960,-0.414648,-0.259349,-0.969261,-0.698566,-0.321041,-0.698409,-0.779882,-0.247342,-0.456517,-0.783656,-0.143776,-0.867330,-0.397567,-0.443033,-0.789246,-0.603796,-0.370832,-0.583839,-0.547265,-0.204784,-0.482886,-0.465005,-0.356951,-0.778035,-0.401182,-0.563987,-0.661847,-0.565281,-0.513100,-0.469883,-0.527016,-0.378167,-0.417093,-0.453061,1.000000,0.000000,0.000000,0.000000,-0.241689,-0.051098,-0.120967,-0.421173,-0.103987,-0.215516,-0.445800,-0.138673,-0.310805,-0.331860,-0.205067,-0.408566,-0.433644,-0.841795,-0.168678,-0.393436,-1.160616,-0.339769,-0.328457,-1.393965,-0.472589,-0.270760,-1.629255,-0.562025,-0.229737,-0.953541,-0.194887,-0.146108,-0.849684,-0.406992,-0.150068,-0.376798,-0.488109,-0.180111,-0.125856,-0.511740,-0.022305,-0.909148,-0.236625,0.042224,-0.766998,-0.432900,0.005680,-0.346780,-0.442168,-0.041423,-0.141333,-0.403989,0.152105,-0.798841,-0.288639,0.201233,-0.683992,-0.425582,0.149604,-0.373136,-0.415504,0.093642,-0.210529,-0.373229,1.000000
sign_1,0.000000,0.000000,0.000000,0.140169,-0.120506,-0.146889,0.203495,-0.591112,-0.189502,0.083601,-0.959039,-0.211613,-0.024571,-1.234823,-0.225313,0.242967,-1.019630,-0.066360,0.255926,-1.422784,-0.158453,0.242481,-1.713347,-0.210005,0.218989,-1.970956,-0.244279,0.074324,-0.996414,-0.040432,-0.035236,-1.293867,-0.190815,-0.021395,-1.028994,-0.234431,0.018900,-0.902620,-0.219119,-0.077113,-0.891506,-0.033374,-0.159793,-1.052420,-0.219406,-0.079704,-0.693114,-0.204976,-0.012657,-0.553335,-0.137614,-0.213038,-0.733065,-0.034120,-0.263830,-0.893028,-0.180158,-0.188015,-0.623296,-0.163759,-0.127279,-0.502334,-0.110329,1.000000,0.000000,0.000000,0.000000,-0.133820,-0.119621,-0.113428,-0.218807,-0.506392,-0.186622,-0.109072,-0.832092,-0.255388,0.025758,-1.019460,-0.322565,-0.126058,-1.089320,-0.156205,-0.087266,-1.596556,-0.304953,-0.050966,-1.954999,-0.404991,-0.023088,-2.248650,-0.474068,0.052052,-0.984464,-0.167692,0.102370,-1.163778,-0.357520,0.026623,-0.753867,-0.380571,-0.017806,-0.593506,-0.356979,0.206092,-0.815564,-0.195751,0.237091,-0.905266,-0.367498,0.128295,-0.561265,-0.308043,0.071880,-0.477441,-0.229846,0.337892,-0.606433,-0.234741,0.369370,-0.740208,-0.349295,0.270774,-0.489049,-0.295379,0.208053,-0.405316,-0.228336,1.000000
sign_1,0.000000,0.000000,0.000000,0.140605,-0.193981,-0.157220,0.199411,-0.624100,-0.185153,0.141356,-0.999994,-0.190264,0.054608,-1.286636,-0.176120,0.236156,-1.056151,-0.044858,0.229607,-1.461596,-0.121722,0.218511,-1.702667,-0.152933,0.195731,-1.932016,-0.168968,0.096471,-0.995287,-0.009856,0.036398,-1.206039,-0.125568,0.075716,-0.871715,-0.136805,0.104863,-0.773006,-0.105364,-0.033637,-0.892464,-0.001963,-0.081384,-1.036105,-0.152627,-0.009012,-0.685511,-0.134064,0.025914,-0.642677,-0.075950,-0.152608,-0.759838,-0.006748,-0.174597,-0.883155,-0.114132,-0.113169,-0.641338,-0.097611,-0.090298,-0.580145,-0.055440,1.000000,0.000000,0.000000,0.000000,-0.142595,-0.161299,-0.109052,-0.227773,-0.562633,-0.173960,-0.153939,-0.912543,-0.237419,-0.031430,-1.134944,-0.293393,-0.150449,-1.077154,-0.102283,-0.143462,-1.571890,-0.215293,-0.132230,-1.853765,-0.270822,-0.103650,-2.108168,-0.308063,-0.003258,-0.993923,-0.110027,0.023913,-1.195591,-0.275200,-0.046210,-0.836145,-0.286946,-0.058716,-0.711978,-0.254272,0.129116,-0.854556,-0.135390,0.138150,-0.960657,-0.292467,0.035219,-0.640755,-0.238561,0.009393,-0.578483,-0.163446,0.246082,-0.679243,-0.172033,0.239891,-0.784168,-0.268374,0.147353,-0.562802,-0.226204,0.112338,-0.493853,-0.170633,1.000000
sign_1,0.000000,0.000000,0.000000,0.155994,-0.214628,-0.121006,0.229798,-0.633348,-0.154410,0.192205,-1.024349,-0.178660,0.104048,-1.318466,-0.191269,0.238538,-1.028558,-0.027504,0.249592,-1.428038,-0.097205,0.237078,-1.675919,-0.126246,0.207405,-1.894678,-0.143851,0.101014,-0.994780,-0.014463,0.066057,-1.251782,-0.128909,0.100047,-0.921600,-0.139540,0.120575,-0.797339,-0.109595,-0.027504,-0.910562,-0.022451,-0.047560,-1.081384,-0.175658,0.012952,-0.717484,-0.146771,0.029751,-0.618889,-0.081339,-0.155314,-0.801481,-0.039407,-0.150911,-0.946837,-0.150603,-0.098815,-0.691702,-0.125181,-0.087509,-0.597108,-0.077015,1.000000,0.000000,0.000000,0.000000,-0.151041,-0.242172,-0.086654,-0.222371,-0.672791,-0.132679,-0.157008,-1.049158,-0.184426,-0.041208,-1.295351,-0.231137,-0.148574,-1.061905,-0.035642,-0.148232,-1.514511,-0.126793,-0.140552,-1.769437,-0.172731,-0.111146,-2.001979,-0.202436,-0.004419,-0.998725,-0.050286,0.013164,-1.275481,-0.201719,-0.053448,-0.929100,-0.219451,-0.067967,-0.745984,-0.188075,0.127078,-0.889516,-0.082294,0.131648,-1.092959,-0.231463,0.039038,-0.747766,-0.183821,0.014439,-0.586923,-0.107534,0.244197,-0.740981,-0.123444,0.231799,-0.922500,-0.207959,0.150942,-0.687222,-0.162988,0.125914,-0.553591,-0.104872,1.000000
sign_1,0.000000,0.000000,0.000000,0.180142,-0.247495,-0.090919,0.273012,-0.684073,-0.105506,0.240538,-1.113414,-0.120341,0.159274,-1.435470,-0.128414,0.278847,-0.992882,0.057155,0.305756,-1.319852,0.016874,0.298170,-1.552960,-0.003220,0.271720,-1.757548,-0.019876,0.140177,-0.988288,0.060313,0.132740,-1.304721,-0.034667,0.156296,-0.990049,-0.057232,0.164686,-0.846522,-0.035990,0.005073,-0.926396,0.043588,0.004607,-1.174354,-0.104046,0.054264,-0.798222,-0.087250,0.056555,-0.654493,-0.027369,-0.143169,-0.842007,0.021715,-0.118116,-1.046321,-0.090705,-0.068225,-0.791276,-0.072914,-0.060517,-0.674284,-0.030209,1.000000,0.000000,0.000000,0.000000,-0.171630,-0.282627,-0.063582,-0.244037,-0.724584,-0.088336,-0.188360,-1.114235,-0.125766,-0.083963,-1.397409,-0.159467,-0.160822,-1.035766,0.034380,-0.174862,-1.439466,-0.035099,-0.170240,-1.682179,-0.073162,-0.146522,-1.900445,-0.097528,-0.025533,-0.999592,0.012825,-0.005779,-1.360477,-0.129449,-0.063971,-1.046965,-0.160787,-0.083694,-0.814043,-0.132877,0.104647,-0.916800,-0.025892,0.100801,-1.183532,-0.173108,0.017512,-0.845268,-0.146629,-0.007037,-0.622151,-0.075722,0.229800,-0.792491,-0.070909,0.217400,-1.062564,-0.154992,0.140804,-0.851771,-0.120986,0.106585,-0.666584,-0.066713,1.000000
sign_1,0.000000,0.000000,0.000000,0.166868,-0.198773,-0.102404,0.268731,-0.665545,-0.125389,0.247784,-1.102975,-0.145484,0.153243,-1.423675,-0.157051,0.276072,-0.993609,0.030078,0.306260,-1.336634,-0.010561,0.306997,-1.577310,-0.020617,0.281511,-1.786111,-0.028531,0.131663,-0.990607,0.036910,0.120802,-1.281284,-0.053166,0.137525,-0.935393,-0.058326,0.140523,-0.823676,-0.024897,-0.006266,-0.929898,0.023666,-0.011007,-1.171885,-0.119625,0.046367,-0.768741,-0.089955,0.050048,-0.634235,-0.023692,-0.155235,-0.846755,0.003777,-0.135177,-1.045182,-0.107047,-0.075638,-0.784423,-0.084652,-0.062325,-0.671723,-0.039349,1.000000,0.000000,0.000000,0.000000,-0.187935,-0.271279,-0.053721,-0.263561,-0.743234,-0.071622,-0.198098,-1.149849,-0.104099,-0.094997,-1.442515,-0.134565,-0.174745,-1.028388,0.045079,-0.199545,-1.416122,-0.013953,-0.206369,-1.674927,-0.044787,-0.196891,-1.902418,-0.065395,-0.033064,-0.999263,0.019521,-0.020347,-1.382309,-0.110927,-0.073715,-1.073457,-0.136201,-0.094101,-0.820309,-0.105116,0.104517,-0.915442,-0.022153,0.097965,-1.209788,-0.162783,0.015062,-0.855964,-0.134250,-0.012957,-0.594484,-0.061476,0.241262,-0.792291,-0.069025,0.230611,-1.094748,-0.148019,0.154557,-0.905923,-0.113206,0.114821,-0.711211,-0.059281,1.000000
sign_1,0.000000,0.000000,0.000000,0.176988,-0.187095,-0.109317,0.285796,-0.633327,-0.129154,0.251102,-1.054423,-0.141860,0.173201,-1.377689,-0.146917,0.291690,-0.990262,-0.000467,0.331510,-1.371558,-0.056143,0.335824,-1.640249,-0.082253,0.317874,-1.870039,-0.101396,0.142751,-0.989709,0.009946,0.134324,-1.282632,-0.103470,0.150583,-0.949716,-0.128197,0.152003,-0.785560,-0.106268,-0.001480,-0.926115,0.002456,-0.004300,-1.140059,-0.155138,0.045352,-0.746711,-0.137142,0.053464,-0.606192,-0.075865,-0.151393,-0.831732,-0.010865,-0.119721,-1.017077,-0.130022,-0.069823,-0.742907,-0.109753,-0.061336,-0.629346,-0.063485,1.000000,0.000000,0.000000,0.000000,-0.178481,-0.234531,-0.065489,-0.266198,-0.698924,-0.092856,-0.209857,-1.101045,-0.130558,-0.105671,-1.395502,-0.165386,-0.184833,-1.028818,0.010152,-0.211553,-1.440310,-0.060822,-0.217715,-1.712752,-0.095444,-0.205609,-1.947662,-0.118342,-0.041104,-0.999084,-0.011891,-0.034574,-1.361894,-0.148634,-0.085727,-1.020829,-0.165492,-0.097993,-0.781761,-0.129123,0.099323,-0.910029,-0.050221,0.092260,-1.186117,-0.191244,0.013852,-0.828485,-0.149563,-0.008095,-0.598612,-0.071302,0.237003,-0.779091,-0.095314,0.228686,-1.062672,-0.176182,0.152499,-0.859910,-0.135769,0.115300,-0.685383,-0.078726,1.000000
sign_1,0.000000,0.000000,0.000000,0.155726,-0.152848,-0.099026,0.273438,-0.558846,-0.151843,0.258799,-0.940193,-0.201830,0.149994,-1.203316,-0.249400,0.201869,-1.032510,-0.090389,0.233292,-1.479035,-0.176810,0.238014,-1.786333,-0.216468,0.214817,-2.040296,-0.243742,0.052207,-0.994121,-0.094854,0.096834,-1.201516,-0.229678,0.130180,-0.805826,-0.236862,0.120227,-0.638703,-0.208059,-0.077373,-0.889000,-0.111293,-0.023747,-1.026097,-0.266632,0.032801,-0.647089,-0.213927,0.018357,-0.505788,-0.139460,-0.210996,-0.744819,-0.134439,-0.135313,-0.890514,-0.243708,-0.077490,-0.631696,-0.198977,-0.089888,-0.513999,-0.140644,1.000000,0.000000,0.000000,0.000000,-0.163305,-0.178678,-0.075097,-0.276165,-0.619942,-0.120714,-0.250207,-1.024506,-0.174025,-0.151875,-1.301570,-0.223979,-0.199680,-1.035443,-0.040153,-0.235306,-1.493840,-0.133438,-0.254779,-1.780447,-0.173354,-0.245141,-2.025163,-0.197674,-0.059108,-0.996383,-0.061051,-0.090217,-1.289447,-0.206507,-0.127537,-0.899668,-0.203624,-0.108269,-0.722660,-0.156385,0.080419,-0.900636,-0.099125,0.039528,-1.122990,-0.243400,-0.020641,-0.741974,-0.178444,-0.009537,-0.585694,-0.090583,0.216107,-0.765695,-0.145655,0.167525,-0.981696,-0.229356,0.098705,-0.725875,-0.177653,0.092771,-0.584614,-0.114682,1.000000
sign_1,0.000000,0.000000,0.000000,0.166362,-0.152919,-0.109543,0.270438,-0.502949,-0.170242,0.261468,-0.839843,-0.224407,0.177011,-1.078314,-0.273629,0.242242,-1.021994,-0.135555,0.263741,-1.537859,-0.243398,0.257691,-1.857394,-0.301422,0.231300,-2.127130,-0.341191,0.084087,-0.986544,-0.140217,0.103037,-1.166170,-0.299007,0.120534,-0.795967,-0.318376,0.120107,-0.617543,-0.298404,-0.058794,-0.884075,-0.157039,-0.016872,-0.972997,-0.316612,0.029904,-0.632555,-0.271074,0.037409,-0.502217,-0.204829,-0.193712,-0.739144,-0.183238,-0.140792,-0.805301,-0.289637,-0.081781,-0.568236,-0.250399,-0.068917,-0.472234,-0.197550,1.000000,0.000000,0.000000,0.000000,-0.161378,-0.183707,-0.087510,-0.290219,-0.566418,-0.148293,-0.295487,-0.930092,-0.214293,-0.224032,-1.211341,-0.274180,-0.237926,-1.009498,-0.067536,-0.302193,-1.469644,-0.177969,-0.334772,-1.743841,-0.226437,-0.335737,-1.997808,-0.255789,-0.095456,-0.991641,-0.086816,-0.143042,-1.238878,-0.248690,-0.165530,-0.845325,-0.251020,-0.137282,-0.705906,-0.207410,0.045508,-0.917356,-0.124555,-0.014397,-1.058341,-0.279083,-0.050539,-0.697176,-0.212373,-0.022290,-0.609663,-0.123559,0.182652,-0.800814,-0.172192,0.111677,-0.956040,-0.254142,0.064530,-0.700375,-0.196613,0.079903,-0.607755,-0.130356,1.000000
sign_1,0.000000,0.000000,0.000000,0.167913,-0.153347,-0.115264,0.289749,-0.491212,-0.176216,0.278247,-0.823187,-0.231904,0.194308,-1.074614,-0.282177,0.286897,-1.003122,-0.107363,0.357789,-1.472190,-0.212827,0.385705,-1.770084,-0.264386,0.386722,-2.029289,-0.296009,0.131491,-0.985564,-0.106646,0.160807,-1.166855,-0.265678,0.163241,-0.786371,-0.284788,0.151763,-0.631799,-0.258285,-0.011043,-0.905396,-0.120297,0.015306,-1.000682,-0.291170,0.052182,-0.628000,-0.247299,0.057584,-0.512946,-0.172717,-0.149113,-0.790545,-0.141936,-0.108754,-0.879910,-0.251252,-0.060278,-0.621115,-0.207471,-0.054235,-0.530375,-0.146242,1.000000,0.000000,0.000000,0.000000,-0.157121,-0.179205,-0.097665,-0.295926,-0.546020,-0.161901,-0.311541,-0.917652,-0.229219,-0.232131,-1.200697,-0.288819,-0.263133,-0.991071,-0.069923,-0.340312,-1.438010,-0.177569,-0.383587,-1.702508,-0.223246,-0.393694,-1.948840,-0.251150,-0.116753,-0.989692,-0.082943,-0.160043,-1.226052,-0.243668,-0.174037,-0.832818,-0.244346,-0.146901,-0.697258,-0.199633,0.028142,-0.927389,-0.115201,-0.020659,-1.060489,-0.270240,-0.055849,-0.692496,-0.204283,-0.036141,-0.600935,-0.115856,0.167926,-0.818691,-0.158307,0.108645,-0.952543,-0.241116,0.059863,-0.693366,-0.186986,0.066463,-0.602230,-0.123193,1.000000
sign_1,0.000000,0.000000,0.000000,0.198873,-0.098440,-0.142543,0.370108,-0.338192,-0.212820,0.423078,-0.664768,-0.275099,0.416713,-0.983699,-0.330168,0.535417,-0.820673,-0.102650,0.750618,-1.197315,-0.217258,0.871381,-1.446745,-0.278726,0.960371,-1.662202,-0.314512,0.385762,-0.918345,-0.088492,0.402187,-1.147898,-0.274072,0.311030,-0.801008,-0.313439,0.284705,-0.577283,-0.288999,0.225245,-0.956398,-0.092551,0.206251,-1.043197,-0.281946,0.155045,-0.685367,-0.257459,0.158574,-0.524886,-0.184715,0.066173,-0.947685,-0.106947,0.061311,-1.016220,-0.231297,0.041493,-0.739059,-0.202053,0.053681,-0.612980,-0.141101,1.000000,0.000000,0.000000,0.000000,-0.131018,-0.232662,-0.054789,-0.207330,-0.653939,-0.096923,-0.169886,-0.987010,-0.151836,-0.063208,-1.191161,-0.206874,-0.067795,-1.060398,-0.051402,-0.051186,-1.554243,-0.155396,-0.027415,-1.849426,-0.217452,0.009575,-2.100641,-0.258807,0.064997,-0.993913,-0.088953,0.003115,-1.225332,-0.251132,-0.062441,-0.915156,-0.280289,-0.056895,-0.749457,-0.258036,0.185644,-0.864863,-0.138914,0.102561,-0.960783,-0.280210,0.031783,-0.674488,-0.234835,0.041564,-0.580813,-0.164870,0.305629,-0.701963,-0.196486,0.215497,-0.817299,-0.264870,0.137625,-0.610320,-0.210375,0.136329,-0.523576,-0.149096,1.000000
sign_1,0.000000,0.000000,0.000000,0.203558,0.002431,-0.180410,0.418463,-0.111709,-0.276988,0.520672,-0.428699,-0.363588,0.572975,-0.795956,-0.442214,0.758322,-0.561331,-0.140538,1.080233,-0.796100,-0.286795,1.269653,-0.983090,-0.371480,1.419188,-1.153926,-0.423658,0.625214,-0.771501,-0.117875,0.609866,-0.967296,-0.338461,0.435358,-0.629925,-0.388633,0.388078,-0.399255,-0.369786,0.457366,-0.920598,-0.118052,0.385386,-1.017100,-0.333711,0.264119,-0.667612,-0.302828,0.262363,-0.481962,-0.225263,0.281341,-1.017971,-0.133592,0.218058,-1.075302,-0.278937,0.141760,-0.788283,-0.249394,0.151476,-0.635327,-0.183958,1.000000,0.000000,0.000000,0.000000,-0.130319,-0.260670,-0.073508,-0.162980,-0.694283,-0.126293,-0.064593,-0.995531,-0.189111,0.075999,-1.155775,-0.246975,0.045790,-1.132283,-0.067549,0.168106,-1.580515,-0.178286,0.267460,-1.819409,-0.243523,0.370183,-2.014971,-0.286714,0.176973,-0.979610,-0.095107,0.180719,-1.125993,-0.258708,0.062724,-0.847681,-0.285220,0.037382,-0.733643,-0.267720,0.289514,-0.780396,-0.138327,0.273412,-0.889398,-0.283517,0.146298,-0.647115,-0.235946,0.127205,-0.579531,-0.169387,0.396860,-0.547402,-0.191134,0.385018,-0.691913,-0.268536,0.267130,-0.542280,-0.219678,0.229958,-0.478283,-0.162236,1.000000
sign_1,0.000000,0.000000,0.000000,0.168422,0.020681,-0.274081,0.369178,-0.077359,-0.409850,0.512091,-0.361697,-0.519043,0.592385,-0.750410,-0.617989,0.812788,-0.439405,-0.202444,1.161654,-0.535749,-0.364131,1.387022,-0.644454,-0.464226,1.572491,-0.746445,-0.524630,0.707659,-0.693106,-0.137198,0.722953,-0.944063,-0.380661,0.524627,-0.709803,-0.454272,0.444121,-0.491207,-0.441477,0.563074,-0.895439,-0.102071,0.484485,-1.041769,-0.351283,0.315792,-0.721058,-0.348877,0.282177,-0.485396,-0.274012,0.411774,-1.043258,-0.088885,0.345116,-1.181531,-0.264852,0.226567,-0.916831,-0.257031,0.202082,-0.707021,-0.195723,1.000000,0.000000,0.000000,0.000000,-0.125542,-0.271054,-0.099571,-0.142995,-0.706167,-0.164263,-0.027535,-1.000869,-0.232327,0.119150,-1.178538,-0.293878,0.099081,-1.156529,-0.105290,0.267903,-1.600766,-0.224303,0.392031,-1.834629,-0.296316,0.509319,-2.032168,-0.344994,0.224719,-0.966923,-0.120675,0.260260,-1.113425,-0.301083,0.117834,-0.843649,-0.338085,0.062128,-0.724501,-0.325826,0.326939,-0.743822,-0.151374,0.351002,-0.852005,-0.316072,0.194384,-0.626657,-0.277766,0.135453,-0.561570,-0.213491,0.416980,-0.493878,-0.191964,0.460145,-0.638768,-0.292005,0.328005,-0.506949,-0.252659,0.256375,-0.454344,-0.197425,1.000000
sign_1,0.000000,0.000000,0.000000,0.148933,0.050450,-0.248656,0.337008,-0.059061,-0.374702,0.455692,-0.365094,-0.473771,0.538586,-0.741177,-0.561610,0.788664,-0.388008,-0.212266,1.129673,-0.479011,-0.383846,1.357076,-0.552700,-0.490018,1.549580,-0.633754,-0.555076,0.705462,-0.690163,-0.161241,0.662037,-0.908224,-0.410691,0.444452,-0.692485,-0.481027,0.366876,-0.499234,-0.467527,0.566135,-0.928747,-0.137410,0.419266,-1.056287,-0.385943,0.245616,-0.728168,-0.377655,0.237030,-0.501083,-0.303036,0.416587,-1.085714,-0.133444,0.293627,-1.201395,-0.308474,0.166216,-0.915691,-0.295179,0.165309,-0.709649,-0.230822,1.000000,0.000000,0.000000,0.000000,-0.127413,-0.281793,-0.108144,-0.139844,-0.715074,-0.179635,-0.010379,-1.012088,-0.252548,0.144304,-1.195755,-0.317689,0.106935,-1.158338,-0.115765,0.287302,-1.602808,-0.234867,0.413210,-1.829402,-0.301323,0.535628,-2.020784,-0.344468,0.232640,-0.964698,-0.123437,0.274064,-1.102792,-0.294124,0.128468,-0.823922,-0.316213,0.082829,-0.717926,-0.295554,0.334982,-0.744214,-0.147427,0.368484,-0.841609,-0.304931,0.208589,-0.610219,-0.252469,0.156595,-0.554711,-0.181256,0.421724,-0.500631,-0.182641,0.480107,-0.633152,-0.277262,0.342684,-0.491298,-0.229631,0.267308,-0.438470,-0.169469,1.000000
sign_1,0.000000,0.000000,0.000000,0.160601,0.043885,-0.240253,0.359753,-0.046705,-0.369889,0.485719,-0.335525,-0.475759,0.573954,-0.710697,-0.572777,0.818807,-0.373976,-0.212845,1.165612,-0.481549,-0.384301,1.402586,-0.566585,-0.494735,1.596723,-0.651721,-0.564370,0.723206,-0.669737,-0.168597,0.695297,-0.891843,-0.419502,0.470750,-0.652473,-0.492193,0.385478,-0.448537,-0.481182,0.572821,-0.899927,-0.149007,0.439877,-1.047899,-0.394442,0.265220,-0.721159,-0.380095,0.247083,-0.496647,-0.304303,0.409132,-1.055950,-0.148707,0.296093,-1.184239,-0.322136,0.172433,-0.898920,-0.302565,0.169643,-0.690749,-0.235561,1.000000,0.000000,0.000000,0.000000,-0.142049,-0.213423,-0.095309,-0.207403,-0.611662,-0.163119,-0.139662,-0.899654,-0.231040,-0.017961,-1.079585,-0.290613,-0.052992,-1.088269,-0.117674,0.028358,-1.575992,-0.233716,0.096156,-1.829330,-0.293804,0.175826,-2.043487,-0.333843,0.092091,-0.987433,-0.128433,0.064269,-1.069865,-0.287879,-0.023476,-0.751908,-0.301907,-0.019759,-0.651505,-0.280006,0.216526,-0.830370,-0.153827,0.176897,-0.870140,-0.298952,0.071252,-0.588791,-0.235633,0.073172,-0.529060,-0.162085,0.329092,-0.640940,-0.190266,0.284667,-0.719098,-0.271489,0.184480,-0.519433,-0.217799,0.174107,-0.456771,-0.157519,1.000000
sign_1,0.000000,0.000000,0.000000,0.170303,0.072504,-0.240968,0.377864,-0.013534,-0.367950,0.499850,-0.313487,-0.471760,0.569730,-0.698187,-0.566355,0.827434,-0.361141,-0.200912,1.192558,-0.444116,-0.365713,1.432049,-0.528757,-0.467851,1.623771,-0.615708,-0.531069,0.734288,-0.661186,-0.153798,0.703171,-0.874949,-0.395768,0.480060,-0.659335,-0.462760,0.401787,-0.461154,-0.448600,0.588990,-0.897412,-0.132961,0.463589,-1.013858,-0.379829,0.283115,-0.694502,-0.366957,0.263339,-0.467195,-0.289532,0.433411,-1.057703,-0.130927,0.333307,-1.170920,-0.307116,0.198601,-0.896509,-0.287205,0.183324,-0.688419,-0.217186,1.000000,0.000000,0.000000,0.000000,-0.190023,-0.148744,-0.117364,-0.365343,-0.412006,-0.188303,-0.415932,-0.720911,-0.257302,-0.389154,-0.998302,-0.313208,-0.430259,-0.880597,-0.082118,-0.593100,-1.260383,-0.205974,-0.681249,-1.475213,-0.271586,-0.745816,-1.703543,-0.311742,-0.280146,-0.956326,-0.083417,-0.302053,-1.118245,-0.267673,-0.258062,-0.771461,-0.305540,-0.242806,-0.628865,-0.285409,-0.130964,-0.975659,-0.104487,-0.138809,-1.010747,-0.277778,-0.131336,-0.674580,-0.244872,-0.139060,-0.578548,-0.174983,0.013704,-0.950282,-0.136972,0.000760,-0.969451,-0.228412,-0.014215,-0.716395,-0.195087,-0.030946,-0.638523,-0.144329,1.000000
sign_1,0.000000,0.000000,0.000000,0.159026,0.078326,-0.291664,0.352138,-0.025749,-0.441304,0.474082,-0.336934,-0.559523,0.550783,-0.733702,-0.668608,0.825514,-0.365439,-0.245237,1.179337,-0.437000,-0.424771,1.422185,-0.513701,-0.538982,1.616264,-0.589571,-0.608875,0.725664,-0.664208,-0.179556,0.715755,-0.919717,-0.452695,0.485380,-0.769066,-0.538477,0.371501,-0.592476,-0.526240,0.576167,-0.902774,-0.143751,0.457131,-1.040098,-0.417020,0.267755,-0.742528,-0.422352,0.226739,-0.501825,-0.345556,0.418956,-1.061944,-0.130163,0.317972,-1.192447,-0.324785,0.186373,-0.936506,-0.321130,0.167488,-0.717151,-0.256798,1.000000,0.000000,0.000000,0.000000,-0.204601,-0.030773,-0.153022,-0.429125,-0.136628,-0.249662,-0.550385,-0.414571,-0.339664,-0.618400,-0.731266,-0.414413,-0.730615,-0.533389,-0.137587,-1.018558,-0.681886,-0.284873,-1.205394,-0.793973,-0.374904,-1.363587,-0.937255,-0.435295,-0.609880,-0.781155,-0.133579,-0.590204,-0.965286,-0.354327,-0.439149,-0.645155,-0.407349,-0.387666,-0.455225,-0.392785,-0.455100,-0.937953,-0.150130,-0.402733,-1.043247,-0.350849,-0.305566,-0.698384,-0.316644,-0.293171,-0.528503,-0.242518,-0.285723,-1.029444,-0.181436,-0.251243,-1.134112,-0.297764,-0.198771,-0.859027,-0.263716,-0.202891,-0.709056,-0.207321,1.000000
sign_1,0.000000,0.000000,0.000000,0.144640,0.081934,-0.266237,0.331913,-0.021539,-0.407741,0.438918,-0.340341,-0.519108,0.503746,-0.726851,-0.620204,0.796436,-0.343507,-0.254762,1.144184,-0.432607,-0.442208,1.377810,-0.499154,-0.559461,1.570986,-0.570007,-0.630480,0.709895,-0.675330,-0.199947,0.666340,-0.869409,-0.473798,0.444702,-0.673666,-0.552551,0.346872,-0.485055,-0.538762,0.566121,-0.935904,-0.171618,0.401101,-1.028543,-0.438729,0.218963,-0.688537,-0.433303,0.190191,-0.436276,-0.353745,0.414782,-1.098877,-0.164321,0.275915,-1.182209,-0.357320,0.137277,-0.882840,-0.349647,0.126513,-0.656688,-0.283237,1.000000,0.000000,0.000000,0.000000,-0.183296,0.079304,-0.217083,-0.408277,0.017997,-0.365281,-0.521897,-0.328660,-0.495820,-0.623344,-0.674194,-0.609587,-0.791428,-0.362624,-0.260628,-1.117290,-0.456899,-0.457728,-1.339724,-0.533754,-0.574174,-1.523601,-0.642000,-0.651034,-0.685646,-0.686433,-0.242282,-0.629454,-0.917937,-0.500650,-0.429355,-0.568883,-0.543835,-0.384203,-0.379702,-0.521667,-0.520968,-0.914870,-0.249233,-0.430738,-1.083378,-0.483294,-0.289753,-0.701495,-0.423370,-0.284128,-0.526378,-0.332354,-0.340739,-1.070534,-0.277490,-0.293315,-1.276507,-0.425152,-0.199715,-0.968361,-0.378754,-0.195151,-0.795968,-0.309209,1.000000
sign_1,0.000000,0.000000,0.000000,0.156973,0.092542,-0.260816,0.349950,-0.006873,-0.400791,0.455782,-0.330637,-0.512934,0.519664,-0.726425,-0.617159,0.802681,-0.349739,-0.252612,1.156047,-0.441631,-0.437009,1.394039,-0.520456,-0.552858,1.593043,-0.608892,-0.626088,0.708675,-0.676126,-0.201575,0.659811,-0.909433,-0.467844,0.426171,-0.679568,-0.540940,0.332983,-0.463265,-0.528388,0.557997,-0.924242,-0.176332,0.419758,-1.039430,-0.437769,0.236454,-0.699054,-0.422083,0.205108,-0.447928,-0.340919,0.395738,-1.077096,-0.171881,0.286917,-1.178651,-0.359275,0.154430,-0.891217,-0.342207,0.138869,-0.672080,-0.273001,1.000000,0.000000,0.000000,0.000000,-0.165004,0.092801,-0.273588,-0.382420,0.046643,-0.461060,-0.509523,-0.312315,-0.621268,-0.639709,-0.654287,-0.760916,-0.799291,-0.321022,-0.321344,-1.110999,-0.413224,-0.550028,-1.348833,-0.487106,-0.672326,-1.536103,-0.588934,-0.747453,-0.708671,-0.648220,-0.278560,-0.613827,-0.902869,-0.554772,-0.384927,-0.520582,-0.568966,-0.367688,-0.348422,-0.519300,-0.558333,-0.905378,-0.270107,-0.416250,-1.069283,-0.523445,-0.260123,-0.678740,-0.441306,-0.286689,-0.522625,-0.331704,-0.396596,-1.093631,-0.289130,-0.288169,-1.254629,-0.453242,-0.179869,-0.937568,-0.406229,-0.201397,-0.783449,-0.332697,1.000000
sign_1,0.000000,0.000000,0.000000,0.162164,0.082826,-0.229362,0.351767,-0.012137,-0.352460,0.426589,-0.353466,-0.453133,0.478067,-0.731695,-0.543191,0.783613,-0.403646,-0.210821,1.134139,-0.518008,-0.377523,1.358599,-0.608563,-0.478547,1.550159,-0.708474,-0.543612,0.677401,-0.715186,-0.172157,0.627786,-0.907401,-0.416464,0.413268,-0.649775,-0.481279,0.347508,-0.450975,-0.468860,0.519844,-0.935582,-0.157733,0.379237,-1.030600,-0.405892,0.217832,-0.673178,-0.391159,0.217549,-0.447182,-0.316005,0.355236,-1.063671,-0.160964,0.244930,-1.153614,-0.341091,0.125768,-0.847586,-0.323110,0.127801,-0.635175,-0.256508,1.000000,0.000000,0.000000,0.000000,-0.166796,0.088329,-0.293627,-0.381883,0.052625,-0.491751,-0.507421,-0.304231,-0.660836,-0.628662,-0.676688,-0.810348,-0.797154,-0.335004,-0.337200,-1.113991,-0.432976,-0.571241,-1.348629,-0.514447,-0.697821,-1.540071,-0.621570,-0.776117,-0.701800,-0.651285,-0.288624,-0.606305,-0.899053,-0.570738,-0.382253,-0.528164,-0.592795,-0.372933,-0.351391,-0.549145,-0.546197,-0.904141,-0.276396,-0.407447,-1.071970,-0.538860,-0.249382,-0.684766,-0.463863,-0.282755,-0.522661,-0.357765,-0.382261,-1.095969,-0.293123,-0.279856,-1.265271,-0.463912,-0.169207,-0.948653,-0.420081,-0.192262,-0.784565,-0.348192,1.000000
sign_1,0.000000,0.000000,0.000000,0.164735,-0.055753,-0.188816,0.304322,-0.257297,-0.310590,0.300587,-0.592275,-0.418526,0.269843,-0.915305,-0.516224,0.565489,-0.738277,-0.208829,0.807164,-1.084955,-0.371000,0.971658,-1.319010,-0.466980,1.106136,-1.516423,-0.530020,0.406471,-0.893725,-0.189836,0.319734,-1.080689,-0.406321,0.194049,-0.738400,-0.439612,0.200354,-0.533515,-0.421878,0.231559,-0.944310,-0.194168,0.121314,-1.040272,-0.395404,0.065402,-0.692690,-0.351065,0.114737,-0.527208,-0.280098,0.066593,-0.916201,-0.216889,-0.014778,-1.045481,-0.348051,-0.052237,-0.880931,-0.316317,-0.014544,-0.817682,-0.263880,1.000000,0.000000,0.000000,0.000000,-0.203459,0.108207,-0.195028,-0.432654,0.064151,-0.333236,-0.564157,-0.221735,-0.456918,-0.646615,-0.547875,-0.568321,-0.798301,-0.352118,-0.256273,-1.154420,-0.501232,-0.458082,-1.395061,-0.608790,-0.594518,-1.604789,-0.737165,-0.688496,-0.697803,-0.671726,-0.248705,-0.635336,-0.869798,-0.522784,-0.426945,-0.555273,-0.594944,-0.348207,-0.339436,-0.594372,-0.536699,-0.907620,-0.260656,-0.441008,-1.031935,-0.495587,-0.282968,-0.692749,-0.446159,-0.244081,-0.508248,-0.362643,-0.357678,-1.085925,-0.292297,-0.310499,-1.240606,-0.433369,-0.207911,-0.939073,-0.381448,-0.186908,-0.750686,-0.307612,1.000000
sign_1,0.000000,0.000000,0.000000,0.144234,-0.128108,-0.178317,0.230085,-0.374268,-0.261443,0.157077,-0.661481,-0.320430,0.078364,-0.907836,-0.362095,0.328825,-0.977749,-0.154251,0.345579,-1.456479,-0.269599,0.332685,-1.770067,-0.335656,0.315786,-2.017290,-0.376635,0.174194,-0.977408,-0.119710,0.101467,-1.104790,-0.264228,0.099808,-0.766160,-0.288822,0.148630,-0.591916,-0.273649,0.029001,-0.919030,-0.109016,-0.043435,-0.928432,-0.253334,-0.020304,-0.624605,-0.235942,0.040429,-0.545871,-0.190330,-0.105919,-0.817526,-0.116191,-0.163674,-0.837956,-0.209549,-0.142980,-0.652813,-0.194341,-0.098271,-0.616399,-0.160650,1.000000,0.000000,0.000000,0.000000,-0.194303,0.071950,-0.151092,-0.431267,-0.067075,-0.253632,-0.539924,-0.408075,-0.352653,-0.569516,-0.747694,-0.445185,-0.698486,-0.601629,-0.171135,-0.936418,-1.033656,-0.329523,-1.068131,-1.324732,-0.426839,-1.172494,-1.612855,-0.490396,-0.547356,-0.817895,-0.177339,-0.501248,-1.003154,-0.408582,-0.352306,-0.600821,-0.457091,-0.324801,-0.404592,-0.443564,-0.376550,-0.966294,-0.202700,-0.328061,-1.083545,-0.410822,-0.216738,-0.677833,-0.361466,-0.219523,-0.511659,-0.282091,-0.203417,-1.067585,-0.242973,-0.190283,-1.192971,-0.366664,-0.114222,-0.871644,-0.312859,-0.115190,-0.717841,-0.241108,1.000000
sign_1,0.000000,0.000000,0.000000,0.150044,-0.133492,-0.176185,0.225425,-0.422942,-0.252414,0.115303,-0.688305,-0.303073,0.008512,-0.893558,-0.338172,0.227098,-1.033254,-0.162943,0.175705,-1.501302,-0.279520,0.115177,-1.789007,-0.348152,0.057758,-2.018521,-0.390959,0.084604,-0.988045,-0.128874,0.004339,-1.043482,-0.272392,0.042201,-0.729343,-0.299728,0.109990,-0.586135,-0.288615,-0.045310,-0.891680,-0.117060,-0.114633,-0.862259,-0.263537,-0.059572,-0.581910,-0.248367,0.006131,-0.514745,-0.204521,-0.156713,-0.753657,-0.122338,-0.209694,-0.749399,-0.225712,-0.165532,-0.560976,-0.212847,-0.121156,-0.504444,-0.177861,1.000000,0.000000,0.000000,0.000000,-0.204866,0.059541,-0.139254,-0.440688,-0.075514,-0.236091,-0.531884,-0.400733,-0.330703,-0.560332,-0.739046,-0.417061,-0.681518,-0.644880,-0.159362,-0.871883,-1.111225,-0.315082,-0.961321,-1.424067,-0.412345,-1.031641,-1.732177,-0.475872,-0.527635,-0.833045,-0.166245,-0.504531,-0.949751,-0.383531,-0.383916,-0.556460,-0.431856,-0.361258,-0.404952,-0.423402,-0.356553,-0.958637,-0.191399,-0.326319,-1.021744,-0.393950,-0.237760,-0.614354,-0.348600,-0.240629,-0.478921,-0.273166,-0.181194,-1.037744,-0.229783,-0.185851,-1.136116,-0.350021,-0.134034,-0.811322,-0.298606,-0.139465,-0.669235,-0.229260,1.000000
sign_1,0.000000,0.000000,0.000000,0.147372,-0.128313,-0.178162,0.228015,-0.416722,-0.257061,0.109629,-0.699093,-0.309892,-0.004212,-0.894599,-0.346733,0.221112,-1.034083,-0.165208,0.172661,-1.506924,-0.280589,0.112723,-1.792802,-0.346217,0.053629,-2.019589,-0.387135,0.077327,-0.988183,-0.132347,-0.000473,-1.074384,-0.271757,0.040437,-0.768373,-0.294424,0.101766,-0.626179,-0.280601,-0.051001,-0.885977,-0.121956,-0.121489,-0.872647,-0.266483,-0.060361,-0.591674,-0.247859,-0.000737,-0.521524,-0.202011,-0.161063,-0.736907,-0.128980,-0.215455,-0.746015,-0.229345,-0.172133,-0.566549,-0.214521,-0.136369,-0.512219,-0.179045,1.000000,0.000000,0.000000,0.000000,-0.198427,0.060040,-0.153610,-0.435988,-0.063096,-0.258081,-0.533921,-0.369366,-0.358192,-0.570764,-0.702610,-0.448018,-0.681324,-0.650791,-0.166162,-0.866329,-1.092579,-0.328032,-0.951826,-1.403363,-0.427058,-1.019404,-1.716413,-0.489978,-0.532677,-0.829670,-0.167041,-0.512712,-0.928912,-0.385597,-0.387407,-0.537257,-0.430425,-0.372161,-0.412089,-0.417253,-0.364955,-0.950895,-0.188875,-0.337005,-1.011411,-0.391872,-0.249923,-0.608991,-0.346957,-0.265307,-0.498214,-0.271155,-0.194606,-1.026466,-0.225851,-0.190640,-1.109219,-0.346043,-0.137406,-0.785471,-0.297504,-0.148195,-0.656169,-0.229481,1.000000
sign_1,0.000000,0.000000,0.000000,0.145517,-0.137726,-0.186580,0.216759,-0.437657,-0.256505,0.097858,-0.704962,-0.296932,-0.021722,-0.876986,-0.320006,0.207163,-1.045603,-0.157233,0.158574,-1.501254,-0.264552,0.098505,-1.788591,-0.325195,0.044230,-2.021501,-0.363158,0.075036,-0.990404,-0.116062,-0.025183,-1.065573,-0.240532,0.012490,-0.761947,-0.256590,0.086136,-0.627743,-0.239727,-0.045246,-0.880027,-0.099789,-0.136266,-0.881472,-0.234871,-0.081029,-0.604117,-0.220860,-0.010132,-0.540302,-0.178997,-0.145350,-0.723155,-0.102278,-0.220932,-0.746767,-0.200801,-0.184477,-0.590499,-0.193813,-0.144068,-0.543232,-0.164087,1.000000,0.000000,0.000000,0.000000,-0.190392,0.041048,-0.161329,-0.417048,-0.109351,-0.263251,-0.503694,-0.421623,-0.359307,-0.527951,-0.741045,-0.445793,-0.640714,-0.689713,-0.163281,-0.808286,-1.131626,-0.317705,-0.882975,-1.433882,-0.408386,-0.941286,-1.738394,-0.465183,-0.489936,-0.857254,-0.158361,-0.467977,-0.943705,-0.365269,-0.362014,-0.539040,-0.402232,-0.362597,-0.424227,-0.385038,-0.324126,-0.963288,-0.176207,-0.296601,-1.012355,-0.374799,-0.225319,-0.605765,-0.331798,-0.249912,-0.505595,-0.258268,-0.160402,-1.021032,-0.210014,-0.152171,-1.087638,-0.332073,-0.107300,-0.762039,-0.288827,-0.121859,-0.639798,-0.224855,1.000000
sign_1,0.000000,0.000000,0.000000,0.147738,-0.145006,-0.194312,0.219335,-0.452770,-0.265452,0.096010,-0.728594,-0.305517,-0.026620,-0.905642,-0.327278,0.209529,-1.051860,-0.158954,0.158259,-1.508424,-0.266537,0.094278,-1.782830,-0.325842,0.037857,-2.008521,-0.361530,0.076413,-0.990721,-0.112399,-0.032199,-1.057240,-0.236216,0.012769,-0.763354,-0.251627,0.090666,-0.637396,-0.234348,-0.044513,-0.878600,-0.091869,-0.139014,-0.870369,-0.230016,-0.075736,-0.595171,-0.218306,-0.004458,-0.531981,-0.176835,-0.143912,-0.723423,-0.090488,-0.218910,-0.741820,-0.192494,-0.177926,-0.577622,-0.187434,-0.138595,-0.517463,-0.157774,1.000000,0.000000,0.000000,0.000000,-0.185104,-0.210778,-0.036941,-0.319242,-0.517235,-0.087238,-0.365006,-0.762641,-0.153157,-0.274968,-0.889176,-0.224189,-0.170174,-1.038153,-0.064818,-0.153472,-1.462528,-0.169485,-0.123387,-1.735879,-0.243832,-0.075426,-1.984684,-0.291769,-0.037844,-0.994064,-0.102001,-0.172528,-1.063798,-0.234723,-0.233489,-0.774185,-0.261114,-0.223227,-0.627563,-0.250181,0.075161,-0.872274,-0.147823,-0.073177,-0.878525,-0.263027,-0.133770,-0.634760,-0.229942,-0.121628,-0.528516,-0.174361,0.178323,-0.724883,-0.199350,0.059177,-0.800553,-0.263317,-0.022350,-0.618555,-0.223607,-0.038149,-0.495094,-0.171441,1.000000
sign_1,0.000000,0.000000,0.000000,0.140562,-0.126578,-0.183978,0.213148,-0.440875,-0.256847,0.092406,-0.734684,-0.301470,-0.028356,-0.934925,-0.329761,0.198807,-1.044215,-0.152193,0.144072,-1.500473,-0.261142,0.082336,-1.768609,-0.322121,0.022121,-1.990812,-0.360895,0.062687,-0.991511,-0.113917,-0.025687,-1.080369,-0.249286,0.022729,-0.766059,-0.270733,0.090558,-0.632896,-0.255744,-0.059407,-0.888848,-0.099523,-0.141375,-0.882567,-0.246798,-0.072259,-0.583055,-0.228982,-0.004978,-0.516115,-0.182216,-0.164538,-0.745838,-0.102547,-0.230343,-0.755569,-0.209070,-0.170154,-0.538204,-0.195582,-0.117953,-0.461492,-0.159440,1.000000,0.000000,0.000000,0.000000,-0.111733,-0.468275,-0.048998,-0.113812,-0.830123,-0.127473,-0.109127,-1.093871,-0.221157,-0.026062,-1.215366,-0.318184,0.235389,-1.135095,-0.113492,0.416708,-1.483701,-0.259267,0.567193,-1.726694,-0.361807,0.702773,-1.878823,-0.430249,0.360853,-0.919557,-0.155566,0.098245,-1.086672,-0.319578,-0.065605,-0.884384,-0.340888,-0.096762,-0.733489,-0.324880,0.404562,-0.630233,-0.208228,0.105209,-0.748656,-0.336285,0.012966,-0.601272,-0.267997,0.031423,-0.477805,-0.189917,0.394988,-0.335262,-0.271189,0.179854,-0.459098,-0.359189,0.075796,-0.422803,-0.315335,0.062876,-0.372839,-0.252564,1.000000
sign_1,0.000000,0.000000,0.000000,0.145116,-0.131435,-0.187871,0.218125,-0.448774,-0.260793,0.101430,-0.738630,-0.304573,-0.018265,-0.942318,-0.331333,0.213793,-1.042020,-0.161478,0.154448,-1.518498,-0.276907,0.087823,-1.791412,-0.342310,0.024923,-2.021447,-0.383259,0.073032,-0.989718,-0.122983,-0.018384,-1.071222,-0.268531,0.028112,-0.751431,-0.294487,0.098630,-0.613094,-0.280488,-0.056325,-0.891788,-0.108673,-0.134001,-0.870160,-0.264711,-0.065052,-0.562680,-0.250280,0.004118,-0.495689,-0.203241,-0.166423,-0.754303,-0.111959,-0.223137,-0.740691,-0.222945,-0.159056,-0.515599,-0.210430,-0.105455,-0.438035,-0.173503,1.000000,0.000000,0.000000,0.000000,-0.072205,-0.455002,-0.110616,-0.028652,-0.864281,-0.213905,0.017649,-1.147519,-0.322920,0.164810,-1.277242,-0.429709,0.433117,-1.107893,-0.174627,0.712106,-1.453626,-0.360555,0.927617,-1.656722,-0.484743,1.110904,-1.771077,-0.567449,0.556332,-0.806837,-0.198768,0.320373,-1.092526,-0.426731,0.077604,-0.925950,-0.465853,0.008431,-0.770716,-0.448256,0.579701,-0.460263,-0.240219,0.284365,-0.675041,-0.419637,0.122825,-0.519935,-0.345342,0.115628,-0.391929,-0.253611,0.539985,-0.115328,-0.298580,0.309512,-0.298032,-0.412063,0.168406,-0.264543,-0.360031,0.147334,-0.212698,-0.285282,1.000000
sign_1,0.000000,0.000000,0.000000,0.142077,-0.150281,-0.179477,0.206616,-0.464123,-0.252606,0.088419,-0.743530,-0.298961,-0.029694,-0.944547,-0.329172,0.189025,-1.047018,-0.157558,0.132385,-1.501028,-0.267574,0.067603,-1.771231,-0.327657,0.003531,-1.995992,-0.366092,0.054423,-0.991006,-0.122248,-0.045446,-1.078484,-0.257572,0.010240,-0.771187,-0.275766,0.084268,-0.640333,-0.259049,-0.066850,-0.880062,-0.110246,-0.151609,-0.867287,-0.253672,-0.075724,-0.577606,-0.232508,-0.006986,-0.514840,-0.185258,-0.168261,-0.726057,-0.115961,-0.235307,-0.723620,-0.219068,-0.179123,-0.527409,-0.206507,-0.133083,-0.466831,-0.172675,1.000000,0.000000,0.000000,0.000000,-0.066818,-0.425111,-0.117895,-0.015422,-0.837224,-0.218365,0.045234,-1.161480,-0.324559,0.202530,-1.294325,-0.425752,0.415796,-1.091885,-0.148520,0.685289,-1.442029,-0.326384,0.881206,-1.648446,-0.436197,1.048820,-1.763479,-0.508771,0.545038,-0.822787,-0.161106,0.335273,-1.095373,-0.383698,0.111624,-0.884835,-0.414527,0.077178,-0.731469,-0.387597,0.589806,-0.499622,-0.194173,0.318639,-0.691285,-0.368421,0.170709,-0.498759,-0.289912,0.203010,-0.379114,-0.194765,0.575585,-0.172529,-0.245197,0.359213,-0.361079,-0.346701,0.239713,-0.278517,-0.291887,0.264457,-0.203345,-0.217734,1.000000
sign_1,0.000000,0.000000,0.000000,0.148704,-0.126125,-0.185570,0.220454,-0.447921,-0.248886,0.109053,-0.733000,-0.282080,-0.008851,-0.918049,-0.297199,0.208195,-1.047921,-0.147755,0.155404,-1.514194,-0.255659,0.089515,-1.778126,-0.314483,0.028972,-2.000751,-0.349919,0.074140,-0.991495,-0.106965,-0.024939,-1.075344,-0.242443,0.019032,-0.768038,-0.265743,0.085290,-0.629900,-0.250035,-0.049800,-0.885492,-0.090868,-0.131818,-0.861343,-0.240929,-0.061821,-0.564407,-0.231219,0.003009,-0.496319,-0.186574,-0.151645,-0.737240,-0.091960,-0.211540,-0.735920,-0.198363,-0.157278,-0.534542,-0.189107,-0.117004,-0.459972,-0.154314,1.000000,0.000000,0.000000,0.000000,-0.082455,-0.412042,-0.115013,-0.055176,-0.834006,-0.213267,-0.002791,-1.143739,-0.317095,0.154462,-1.284609,-0.414566,0.364745,-1.104261,-0.148216,0.614382,-1.481964,-0.317911,0.798486,-1.689100,-0.418773,0.959973,-1.816768,-0.484902,0.493650,-0.854007,-0.164261,0.297747,-1.119366,-0.391362,0.079442,-0.921785,-0.425688,0.026227,-0.770969,-0.399479,0.544012,-0.556266,-0.199868,0.283162,-0.743779,-0.380854,0.136558,-0.548833,-0.310003,0.156856,-0.428205,-0.217891,0.541720,-0.247424,-0.252236,0.325894,-0.420623,-0.354055,0.205571,-0.329544,-0.304034,0.224697,-0.257092,-0.234134,1.000000
sign_1,0.000000,0.000000,0.000000,0.179278,-0.104186,-0.126112,0.306379,-0.324836,-0.205876,0.302910,-0.599014,-0.279909,0.237075,-0.860934,-0.346742,0.427755,-0.884964,-0.134876,0.507378,-1.364796,-0.254159,0.515261,-1.665704,-0.329102,0.499055,-1.919342,-0.376697,0.286059,-0.949565,-0.128438,0.288813,-1.042542,-0.302047,0.264555,-0.756157,-0.351895,0.257327,-0.600046,-0.348594,0.139036,-0.942898,-0.135027,0.124186,-0.938777,-0.291630,0.135567,-0.636480,-0.268428,0.149090,-0.490320,-0.213519,-0.000576,-0.897620,-0.153665,0.005858,-0.878214,-0.253250,0.020729,-0.638788,-0.225136,0.033196,-0.522194,-0.174466,1.000000,0.000000,0.000000,0.000000,-0.083426,-0.414930,-0.112709,-0.057448,-0.823828,-0.214347,-0.007792,-1.130636,-0.323059,0.149634,-1.268844,-0.425664,0.354512,-1.104904,-0.144905,0.601279,-1.484783,-0.319631,0.784536,-1.699932,-0.422080,0.942102,-1.835545,-0.487588,0.482095,-0.861176,-0.161122,0.279724,-1.104384,-0.385421,0.070657,-0.892888,-0.415878,0.035067,-0.753955,-0.387346,0.538666,-0.567517,-0.197283,0.269094,-0.719841,-0.372335,0.131152,-0.516611,-0.295151,0.162480,-0.413002,-0.200325,0.545387,-0.259022,-0.250826,0.318621,-0.408692,-0.345856,0.204522,-0.303785,-0.290181,0.236234,-0.237400,-0.216744,1.000000
sign_1,0.000000,0.000000,0.000000,0.188586,0.090760,-0.139108,0.358114,0.097219,-0.242520,0.467158,-0.073855,-0.346333,0.541164,-0.358751,-0.444855,0.792654,-0.340524,-0.171472,1.089119,-0.423046,-0.328634,1.285403,-0.516272,-0.432835,1.448439,-0.605735,-0.499469,0.720984,-0.670305,-0.175707,0.632520,-0.649141,-0.380574,0.462773,-0.446893,-0.442182,0.379679,-0.297761,-0.442883,0.575021,-0.889949,-0.194776,0.399540,-0.739262,-0.372617,0.277841,-0.461180,-0.353595,0.242412,-0.291484,-0.297616,0.416738,-1.022989,-0.230724,0.275331,-0.886680,-0.345692,0.182281,-0.652270,-0.324827,0.166098,-0.525435,-0.272525,1.000000,0.000000,0.000000,0.000000,-0.106418,-0.371638,-0.088664,-0.107845,-0.769303,-0.170392,-0.072332,-1.065566,-0.259877,0.062511,-1.215192,-0.343413,0.234209,-1.108807,-0.123210,0.421300,-1.523032,-0.271796,0.554491,-1.751606,-0.359572,0.682966,-1.917665,-0.418274,0.363940,-0.920312,-0.143435,0.170803,-1.095916,-0.335033,0.012951,-0.840079,-0.362161,0.006265,-0.695049,-0.342633,0.433871,-0.663740,-0.179853,0.198192,-0.767194,-0.334274,0.080920,-0.538763,-0.267946,0.115755,-0.434106,-0.187809,0.464949,-0.378772,-0.230243,0.281424,-0.510720,-0.316539,0.172263,-0.396231,-0.267716,0.189411,-0.329396,-0.204633,1.000000
sign_1,0.000000,0.000000,0.000000,0.138213,0.131750,-0.243808,0.318622,0.152589,-0.402328,0.419674,-0.037908,-0.538622,0.477430,-0.389509,-0.667522,0.796240,-0.274533,-0.317497,1.135056,-0.366307,-0.509272,1.367759,-0.451412,-0.625315,1.547849,-0.557967,-0.703057,0.720198,-0.631947,-0.286283,0.615920,-0.665662,-0.526061,0.406796,-0.428014,-0.573114,0.340272,-0.271485,-0.565158,0.568102,-0.889202,-0.278932,0.375896,-0.796476,-0.491605,0.227568,-0.507915,-0.452645,0.228244,-0.345526,-0.388927,0.401145,-1.065241,-0.298031,0.226018,-0.929453,-0.450582,0.111888,-0.681550,-0.435102,0.127881,-0.547454,-0.389942,1.000000,0.000000,0.000000,0.000000,-0.111924,-0.347250,-0.079980,-0.116031,-0.744238,-0.150929,-0.075803,-1.036123,-0.231559,0.046471,-1.206816,-0.305508,0.201153,-1.104207,-0.091111,0.366337,-1.529766,-0.228016,0.491161,-1.764375,-0.305629,0.612798,-1.937800,-0.356853,0.332642,-0.935937,-0.115633,0.158937,-1.121482,-0.302754,0.014219,-0.870915,-0.329370,0.013377,-0.731084,-0.307330,0.410534,-0.707422,-0.156918,0.184119,-0.787598,-0.308760,0.070130,-0.558410,-0.245145,0.104576,-0.470929,-0.166024,0.452182,-0.446936,-0.211653,0.259458,-0.536487,-0.291182,0.165654,-0.404747,-0.243975,0.199092,-0.347854,-0.183846,1.000000
sign_1,0.000000,0.000000,0.000000,0.148647,0.139980,-0.247504,0.333021,0.158687,-0.407290,0.415278,-0.051412,-0.543951,0.445938,-0.410207,-0.673597,0.791702,-0.305569,-0.317158,1.127931,-0.417728,-0.516318,1.356670,-0.530980,-0.638960,1.535706,-0.664762,-0.721997,0.701773,-0.652146,-0.286741,0.617814,-0.708407,-0.548561,0.404485,-0.454049,-0.607889,0.330389,-0.289037,-0.601791,0.542125,-0.898802,-0.280471,0.361412,-0.813762,-0.515546,0.207572,-0.503146,-0.485934,0.202605,-0.333908,-0.420757,0.368706,-1.065382,-0.299456,0.198710,-0.932104,-0.471517,0.083063,-0.659254,-0.464091,0.099299,-0.515717,-0.419931,1.000000,0.000000,0.000000,0.000000,-0.112161,-0.332506,-0.080569,-0.128737,-0.732076,-0.151879,-0.096257,-1.021097,-0.231432,0.024170,-1.190364,-0.304112,0.168308,-1.109732,-0.096278,0.311955,-1.538241,-0.227036,0.421894,-1.772563,-0.300631,0.530119,-1.945884,-0.348637,0.295680,-0.947780,-0.119525,0.135328,-1.111123,-0.301805,0.002861,-0.842210,-0.326552,0.009095,-0.692663,-0.304139,0.376327,-0.727945,-0.158759,0.180366,-0.812150,-0.309500,0.068999,-0.574627,-0.246950,0.101536,-0.475705,-0.168615,0.427703,-0.475665,-0.210641,0.266992,-0.587898,-0.288960,0.165644,-0.449793,-0.238023,0.184966,-0.377468,-0.175637,1.000000
sign_1,0.000000,0.000000,0.000000,0.147587,0.089031,-0.203996,0.331800,0.074195,-0.338712,0.416359,-0.110753,-0.458880,0.437647,-0.438425,-0.571704,0.746542,-0.394696,-0.245396,1.048217,-0.518331,-0.419053,1.261098,-0.626477,-0.523433,1.425514,-0.748442,-0.592067,0.648351,-0.726423,-0.227927,0.582749,-0.724117,-0.457635,0.397733,-0.470928,-0.510108,0.336169,-0.341049,-0.499850,0.490257,-0.947542,-0.232024,0.319420,-0.785528,-0.442827,0.191409,-0.486032,-0.420032,0.195007,-0.354622,-0.359345,0.320230,-1.085884,-0.257431,0.172105,-0.894092,-0.404899,0.080374,-0.629450,-0.394960,0.103234,-0.515619,-0.350777,1.000000,0.000000,0.000000,0.000000,-0.163836,-0.239888,-0.070080,-0.292509,-0.532065,-0.128715,-0.333648,-0.778727,-0.193781,-0.292915,-0.997821,-0.251065,-0.177699,-1.001005,-0.068144,-0.251943,-1.388923,-0.168040,-0.285085,-1.614699,-0.226189,-0.294082,-1.824230,-0.266510,-0.046352,-0.995131,-0.086976,-0.221358,-1.031319,-0.220477,-0.230958,-0.731630,-0.244798,-0.178294,-0.596988,-0.235921,0.067997,-0.906132,-0.119572,-0.111022,-0.851301,-0.235912,-0.121989,-0.581804,-0.193704,-0.067988,-0.493224,-0.140708,0.168118,-0.763079,-0.163040,0.019279,-0.763224,-0.228329,-0.019237,-0.573365,-0.192961,0.011866,-0.492566,-0.149847,1.000000
sign_1,0.000000,0.000000,0.000000,0.155095,0.110974,-0.190005,0.339415,0.099387,-0.314717,0.398728,-0.111540,-0.425831,0.407778,-0.438523,-0.529861,0.749193,-0.388125,-0.239963,1.062422,-0.509365,-0.409300,1.271105,-0.628692,-0.514626,1.434217,-0.766952,-0.586134,0.653426,-0.722210,-0.226821,0.553624,-0.687630,-0.449179,0.375598,-0.428291,-0.504608,0.326833,-0.293420,-0.502881,0.490507,-0.942881,-0.232751,0.309654,-0.783878,-0.432660,0.189288,-0.477568,-0.407405,0.202464,-0.340306,-0.351314,0.317251,-1.079133,-0.259069,0.160692,-0.886594,-0.397160,0.069555,-0.624273,-0.380722,0.092492,-0.513068,-0.334689,1.000000,0.000000,0.000000,0.000000,-0.264063,-0.050044,-0.084069,-0.518197,-0.199646,-0.146292,-0.672908,-0.410861,-0.221493,-0.761463,-0.680544,-0.280863,-0.630664,-0.690039,0.006042,-0.831184,-0.840401,-0.127321,-0.848657,-0.731648,-0.199847,-0.843604,-0.719818,-0.232308,-0.513373,-0.858017,-0.015983,-0.677613,-0.907845,-0.200231,-0.533157,-0.547218,-0.242052,-0.421469,-0.430643,-0.220715,-0.376251,-0.992817,-0.063580,-0.515445,-0.960408,-0.240587,-0.383174,-0.618940,-0.211031,-0.292819,-0.544676,-0.140365,-0.223815,-1.099445,-0.119873,-0.361852,-1.082817,-0.207434,-0.287752,-0.815019,-0.166232,-0.215709,-0.742153,-0.107929,1.000000
sign_1,0.000000,0.000000,0.000000,0.163714,0.137255,-0.180932,0.358930,0.121893,-0.299563,0.433570,-0.105802,-0.408145,0.455533,-0.446887,-0.511641,0.775681,-0.364194,-0.217994,1.105917,-0.509976,-0.393516,1.323866,-0.616087,-0.507015,1.501250,-0.724137,-0.583765,0.675594,-0.706295,-0.211473,0.605258,-0.720943,-0.458965,0.396340,-0.463662,-0.528785,0.311846,-0.300894,-0.529049,0.509930,-0.935698,-0.223954,0.363939,-0.833716,-0.448643,0.216957,-0.526118,-0.431224,0.192689,-0.361968,-0.372473,0.327107,-1.064615,-0.254356,0.180170,-0.910256,-0.420179,0.078190,-0.626787,-0.412592,0.084417,-0.475069,-0.365138,1.000000,0.000000,0.000000,0.000000,-0.196197,0.188521,-0.231235,-0.469596,0.265426,-0.378495,-0.677916,0.078761,-0.507843,-0.856216,-0.194587,-0.617358,-0.919236,-0.075646,-0.250062,-1.301760,-0.079938,-0.462931,-1.546334,-0.075257,-0.586628,-1.758927,-0.142786,-0.668907,-0.845208,-0.479530,-0.235955,-0.836290,-0.586146,-0.545348,-0.568926,-0.266913,-0.608924,-0.466099,-0.124666,-0.584726,-0.700495,-0.794522,-0.250516,-0.620026,-0.818414,-0.527474,-0.410116,-0.441240,-0.473251,-0.374093,-0.313005,-0.371365,-0.528045,-1.057603,-0.288063,-0.471268,-1.098117,-0.456911,-0.327596,-0.765187,-0.415038,-0.308837,-0.634668,-0.342049,1.000000
sign_1,0.000000,0.000000,0.000000,0.163847,0.107703,-0.167224,0.355777,0.099873,-0.285793,0.444176,-0.109424,-0.396017,0.468461,-0.447902,-0.499978,0.746081,-0.383787,-0.216546,1.056928,-0.516151,-0.384073,1.267484,-0.624186,-0.490502,1.436212,-0.741023,-0.564187,0.657664,-0.722717,-0.212504,0.542695,-0.667675,-0.432980,0.357615,-0.396204,-0.486466,0.305792,-0.267595,-0.485305,0.502274,-0.939377,-0.226253,0.316934,-0.753060,-0.421597,0.201547,-0.453556,-0.394073,0.209617,-0.339296,-0.340592,0.331731,-1.062941,-0.258615,0.163789,-0.848527,-0.397925,0.078499,-0.577657,-0.384387,0.102377,-0.476154,-0.341640,1.000000,0.000000,0.000000,0.000000,-0.193339,0.180549,-0.222553,-0.473304,0.256080,-0.370856,-0.694411,0.033484,-0.503199,-0.872510,-0.240159,-0.619335,-0.929474,-0.085509,-0.247989,-1.314935,-0.059425,-0.457781,-1.577904,-0.034636,-0.578523,-1.794596,-0.070012,-0.657751,-0.835260,-0.496666,-0.235931,-0.862983,-0.595860,-0.517767,-0.566282,-0.277964,-0.552279,-0.475525,-0.165293,-0.513487,-0.683605,-0.824623,-0.252988,-0.654962,-0.862649,-0.509051,-0.420352,-0.493686,-0.423045,-0.371280,-0.375544,-0.305732,-0.510070,-1.089019,-0.293186,-0.515521,-1.150429,-0.449300,-0.349621,-0.830675,-0.381471,-0.308076,-0.707230,-0.291480,1.000000
sign_1,0.000000,0.000000,0.000000,0.172332,0.104171,-0.137329,0.372564,0.082008,-0.240353,0.447977,-0.140837,-0.338970,0.449893,-0.473240,-0.431849,0.713357,-0.444738,-0.194662,1.011321,-0.604992,-0.344669,1.209743,-0.730341,-0.438634,1.370048,-0.866108,-0.506949,0.607596,-0.767972,-0.202597,0.511296,-0.629692,-0.406517,0.339490,-0.344979,-0.453374,0.282973,-0.233313,-0.453443,0.440772,-0.950778,-0.224670,0.288723,-0.696726,-0.403384,0.191192,-0.409820,-0.374029,0.197942,-0.334269,-0.326160,0.264179,-1.039735,-0.262390,0.135230,-0.775228,-0.384234,0.069991,-0.521168,-0.365614,0.094854,-0.463159,-0.326066,1.000000,0.000000,0.000000,0.000000,-0.199100,0.168332,-0.203512,-0.484939,0.181533,-0.337555,-0.692740,-0.085027,-0.459393,-0.849090,-0.392534,-0.568174,-0.887604,-0.214955,-0.222974,-1.260496,-0.305077,-0.427535,-1.512667,-0.360744,-0.545097,-1.722511,-0.455048,-0.620061,-0.773835,-0.595540,-0.215668,-0.811110,-0.705257,-0.492207,-0.539287,-0.340428,-0.527377,-0.456548,-0.204769,-0.487366,-0.609940,-0.890189,-0.235733,-0.597661,-0.924102,-0.492912,-0.386449,-0.531612,-0.415196,-0.350729,-0.413962,-0.299743,-0.430759,-1.117729,-0.275576,-0.453134,-1.187660,-0.430983,-0.307547,-0.864028,-0.362719,-0.273726,-0.739171,-0.270413,1.000000
sign_1,0.000000,0.000000,0.000000,0.186492,0.014284,-0.128464,0.377247,-0.098691,-0.219358,0.425916,-0.342525,-0.307426,0.402007,-0.651269,-0.391307,0.591783,-0.679135,-0.166468,0.830678,-0.987814,-0.298317,0.985604,-1.206519,-0.380514,1.103249,-1.399830,-0.438453,0.450008,-0.876685,-0.170047,0.409460,-0.806725,-0.361809,0.286702,-0.482594,-0.403986,0.243974,-0.321045,-0.399571,0.283598,-0.964208,-0.187889,0.216658,-0.828768,-0.360232,0.156381,-0.514394,-0.329788,0.159002,-0.383332,-0.277334,0.114170,-0.991548,-0.219161,0.066057,-0.856779,-0.337619,0.032164,-0.599887,-0.316068,0.052973,-0.498689,-0.273514,1.000000,0.000000,0.000000,0.000000,-0.210687,-0.008572,-0.112852,-0.445241,-0.190046,-0.189278,-0.551956,-0.508111,-0.269421,-0.562959,-0.843777,-0.346919,-0.567890,-0.740069,-0.116723,-0.789033,-1.103917,-0.254006,-0.927704,-1.356838,-0.337298,-1.036791,-1.580748,-0.391769,-0.409763,-0.901383,-0.140009,-0.487225,-1.003481,-0.339866,-0.366867,-0.592089,-0.370199,-0.318489,-0.425440,-0.343462,-0.237369,-0.982221,-0.181329,-0.290246,-1.028266,-0.363237,-0.204363,-0.628030,-0.305937,-0.184470,-0.494705,-0.220722,-0.058424,-1.009661,-0.234958,-0.113697,-1.060883,-0.335009,-0.077019,-0.754264,-0.272659,-0.067385,-0.629326,-0.197912,1.000000
sign_1,0.000000,0.000000,0.000000,0.149363,-0.100360,-0.092639,0.286579,-0.291971,-0.172321,0.325558,-0.506152,-0.250251,0.262913,-0.703019,-0.322364,0.309164,-0.896856,-0.148402,0.367729,-1.289096,-0.265198,0.400465,-1.574055,-0.334487,0.415168,-1.808930,-0.381174,0.162002,-0.972988,-0.164467,0.215875,-0.885101,-0.305446,0.187840,-0.573869,-0.324656,0.167806,-0.463009,-0.313233,0.018070,-0.933517,-0.191323,0.074289,-0.731971,-0.323209,0.081353,-0.472726,-0.289278,0.083570,-0.414457,-0.242739,-0.112009,-0.823864,-0.228739,-0.061217,-0.640127,-0.311266,-0.032859,-0.435782,-0.281350,-0.022455,-0.393283,-0.242052,1.000000,0.000000,0.000000,0.000000,-0.162480,-0.205506,-0.058596,-0.279793,-0.484847,-0.116322,-0.326134,-0.708511,-0.184219,-0.284362,-0.897078,-0.253259,-0.138031,-1.035961,-0.098838,-0.149131,-1.495228,-0.196504,-0.145108,-1.787701,-0.261351,-0.133553,-2.020884,-0.307257,0.012254,-0.991463,-0.129812,-0.117644,-1.001190,-0.277156,-0.206586,-0.735942,-0.315748,-0.230735,-0.541756,-0.314038,0.134145,-0.840812,-0.168049,-0.013476,-0.762998,-0.291635,-0.088998,-0.540292,-0.264462,-0.102542,-0.397654,-0.216572,0.239769,-0.640109,-0.214156,0.121004,-0.600229,-0.288636,0.033428,-0.472678,-0.260933,0.001241,-0.376836,-0.217479,1.000000
sign_1,0.000000,0.000000,0.000000,0.148353,-0.116980,-0.078108,0.271249,-0.353929,-0.146420,0.303505,-0.591407,-0.218097,0.201625,-0.728472,-0.287369,0.190581,-0.970350,-0.138295,0.185350,-1.418931,-0.243140,0.163441,-1.716086,-0.303880,0.138919,-1.956391,-0.347790,0.039681,-0.986442,-0.159242,0.080738,-0.915307,-0.303903,0.102224,-0.609171,-0.326916,0.106658,-0.461360,-0.319764,-0.093633,-0.878009,-0.187508,-0.028526,-0.717004,-0.301271,0.001466,-0.488696,-0.260780,0.003502,-0.410755,-0.217144,-0.207097,-0.709877,-0.227656,-0.144455,-0.544487,-0.297396,-0.110568,-0.386779,-0.271043,-0.108769,-0.361250,-0.238398,1.000000,0.000000,0.000000,0.000000,-0.140032,-0.266011,-0.079637,-0.212517,-0.549395,-0.149336,-0.251180,-0.763562,-0.224566,-0.224841,-0.953247,-0.300704,-0.008095,-1.075804,-0.138788,0.036690,-1.555147,-0.260724,0.079549,-1.867468,-0.336604,0.120512,-2.107787,-0.388367,0.157055,-0.974840,-0.158181,-0.093215,-0.905616,-0.329950,-0.205640,-0.650987,-0.362209,-0.224317,-0.477121,-0.349441,0.263514,-0.744304,-0.186917,-0.019548,-0.568210,-0.316534,-0.073075,-0.370680,-0.272776,-0.046504,-0.282242,-0.213137,0.336656,-0.468333,-0.226833,0.098987,-0.330616,-0.298496,0.036216,-0.219731,-0.259345,0.054341,-0.179182,-0.204909,1.000000
